date,close,volume,total_bids,cover_ratio
2012-01-03,6.31,300000,,
2012-01-10,6.83,300000,,
2012-01-17,6.68,300000,,
2012-01-24,6.9,300000,,
2012-01-26,7.46,850000,,
2012-01-31,7.66,300000,,
2012-02-07,8.42,300000,,
2012-02-14,7.6,300000,,
2012-02-21,8.58,300000,,
2012-02-23,8.81,1000000,,
2012-02-28,9.17,300000,,
2012-03-06,8.44,300000,,
2012-03-13,7.65,300000,,
2012-03-15,7.8,850000,,
2012-03-20,7.25,300000,,
2012-03-22,6.95,1000000,,
2012-03-27,6.9,300000,,
2012-04-03,6.0,300000,,
2012-04-10,6.54,300000,,
2012-04-17,6.97,300000,,
2012-04-19,7.02,1000000,,
2012-04-24,7.06,300000,,
2012-05-08,6.5,300000,,
2012-05-15,6.49,300000,,
2012-05-22,6.65,300000,,
2012-05-29,6.55,300000,,
2012-06-05,6.27,300000,,
2012-06-12,6.54,300000,1767000,5.89
2012-06-14,6.59,1000000,2080000,2.08
2012-06-19,7.39,300000,2120000,7.067
2012-06-26,8.0,300000,1222500,4.075
2012-07-03,8.11,300000,1984000,6.613
2012-07-10,7.87,300000,1951000,6.503
2012-07-17,7.68,300000,2040000,6.8
2012-07-24,7.13,300000,1675000,5.583
2012-07-31,6.64,300000,1384000,4.613
2012-08-07,7.21,300000,780000,2.6
2012-08-14,7.51,300000,829000,2.763
2012-08-21,7.6,300000,1719500,5.732
2012-08-28,8.25,300000,942000,3.14
2012-09-04,8.24,300000,1502000,5.007
2012-09-11,7.72,300000,1423000,4.743
2012-09-18,7.25,300000,1781000,5.937
2012-09-25,7.21,300000,1623000,5.41
2012-10-02,7.79,300000,1513000,5.043
2012-10-09,7.85,300000,1456000,4.853
2012-10-11,7.59,1000000,5314000,5.314
2012-10-16,7.76,300000,2402000,8.007
2012-10-23,7.85,300000,2002000,6.673
2012-10-26,7.54,3000000,23016500,7.672
2012-10-30,8.12,300000,1745000,5.817
2012-11-02,7.96,3000000,14490000,4.83
2012-11-06,8.24,1150000,6535000,5.683
2012-11-09,8.2,3000000,10904500,3.635
2012-11-13,8.499,5181000,10603000,2.047
2012-11-15,7.3,4031000,4961000,1.231
2012-11-16,6.75,3000000,5067000,1.689
2012-11-20,6.485,5346500,17647000,3.301
2012-11-22,6.64,4478500,9235000,2.062
2012-11-23,6.75,3000000,9202000,3.067
2012-11-27,6.7,4837500,13719000,2.836
2012-11-29,6.68,4837500,11520000,2.381
2012-11-30,6.23,3000000,7793000,2.598
2012-12-04,5.82,5301500,9951500,1.877
2012-12-06,6.3,5301500,11846000,2.234
2012-12-07,6.42,3000000,10521000,3.507
2012-12-10,6.63,1250000,7018000,5.614
2012-12-11,6.91,5515500,15389000,2.79
2012-12-13,6.55,5515500,13828000,2.507
2012-12-14,6.57,2531000,5805000,2.294
2012-12-17,6.29,1250000,2217000,1.774
2012-12-18,6.45,5584500,13431000,2.405
2013-01-07,6.18,3545000,9249500,2.609
2013-01-08,6.35,3544500,8654500,2.442
2013-01-10,5.93,3544500,9684000,2.732
2013-01-11,5.75,4020000,13156000,3.273
2013-01-14,5.55,3544500,9045500,2.552
2013-01-15,5.77,3544500,8705000,2.456
2013-01-17,5.36,3544500,8220000,2.319
2013-01-21,4.7,3544500,10511000,2.965
2013-01-22,4.88,3544000,13431000,3.79
2013-01-24,4.58,3544000,12119000,3.42
2013-01-25,3.88,5025000,10806000,2.15
2013-01-28,3.9,3472500,10822000,3.116
2013-01-29,3.88,3472500,11908000,3.429
2013-01-31,3.43,3472500,8119000,2.338
2013-02-01,3.15,5025000,11469000,2.282
2013-02-04,4.0,3472500,17401000,5.011
2013-02-05,4.1,3472000,18555000,5.344
2013-02-07,4.24,3472000,11542000,3.324
2013-02-08,4.32,5025000,15455000,3.076
2013-02-11,4.19,3472000,8100000,2.333
2013-02-12,4.44,3472000,11055000,3.184
2013-02-14,5.0,3472000,7675000,2.211
2013-02-15,4.96,5025000,13321000,2.651
2013-02-18,5.14,3553000,11775000,3.314
2013-02-19,4.31,3460500,8791000,2.54
2013-02-21,4.68,3460500,10950000,3.164
2013-02-25,4.76,3460500,9773000,2.824
2013-02-26,4.189,5460500,14987000,2.745
2013-02-28,4.38,3460500,8166000,2.36
2013-03-01,4.64,5025000,10964000,2.182
2013-03-04,4.54,3460000,8551000,2.471
2013-03-05,4.384,5460000,18348000,3.36
2013-03-07,4.12,3460000,11606000,3.354
2013-03-08,4.15,5025000,16589000,3.301
2013-03-11,4.01,3460000,9195000,2.658
2013-03-12,3.66,2000000,5780000,2.89
2013-03-14,3.36,4286500,9394000,2.192
2013-03-15,3.47,5025000,11360000,2.261
2013-03-18,3.47,4454000,9173000,2.059
2013-03-19,3.326,8016000,18801500,2.345
2013-03-20,3.67,1568500,6942000,4.426
2013-03-21,4.06,4448500,14230000,3.199
2013-03-22,4.23,5025000,6018000,1.198
2013-03-25,4.1,3587500,6434000,1.793
2013-03-26,4.571,4336500,13168000,3.037
2013-03-28,4.72,3587500,8840000,2.464
2013-04-02,4.4,3587500,5681000,1.584
2013-04-04,4.69,3587500,8247000,2.299
2013-04-05,5.05,4020000,8829000,2.196
2013-04-08,4.98,3587500,12816000,3.572
2013-04-09,4.9,3554000,10452500,2.941
2013-04-11,4.3,3554000,6498000,1.828
2013-04-12,4.4,4020000,8604000,2.14
2013-04-15,4.68,3554000,8396000,2.362
2013-04-16,4.67,3553500,6413000,1.805
2013-04-18,2.75,3553500,8105000,2.281
2013-04-19,3.1,4020000,4505000,1.121
2013-04-22,2.77,3462000,6990000,2.019
2013-04-23,2.697,6049500,16306000,2.695
2013-04-24,2.99,865000,4416000,5.105
2013-04-25,2.927,6049000,15143000,2.503
2013-04-26,2.95,4020000,11640000,2.896
2013-04-29,3.04,3462000,8035000,2.321
2013-04-30,3.23,3462000,10622000,3.068
2013-05-02,2.9,3462000,11013000,3.181
2013-05-03,2.95,4020000,10804000,2.688
2013-05-06,3.65,3462000,7026000,2.029
2013-05-07,3.68,3462000,7802000,2.254
2013-05-10,3.52,4020000,7647000,1.902
2013-05-13,3.23,3462000,11521000,3.328
2013-05-14,3.23,3462000,7784000,2.248
2013-05-16,3.47,3462000,8499000,2.455
2013-05-17,3.55,4020000,11297000,2.81
2013-05-21,3.49,3462000,10120000,2.923
2013-05-23,3.2,3462000,8290000,2.395
2013-05-24,3.3,4020000,14342000,3.568
2013-05-27,3.41,3462000,13220000,3.819
2013-05-28,3.5,3462000,9729000,2.81
2013-05-30,3.65,3462000,7329000,2.117
2013-05-31,3.96,4020000,9758000,2.427
2013-06-03,3.8,3461500,8586000,2.48
2013-06-04,3.9,3461500,14093000,4.071
2013-06-06,3.9,3461500,14648000,4.232
2013-06-07,4.12,4020000,15355000,3.82
2013-06-10,4.14,3461500,14587000,4.214
2013-06-11,3.97,3461500,12014000,3.471
2013-06-13,4.55,3461500,16161000,4.669
2013-06-14,4.4,4020000,7878000,1.96
2013-06-17,4.65,3461500,8695000,2.512
2013-06-18,4.63,3461500,8129000,2.348
2013-06-20,4.3,3461500,6511500,1.881
2013-06-21,4.33,4020000,7708000,1.917
2013-06-24,4.19,3461500,9963000,2.878
2013-06-25,4.04,3461500,11530000,3.331
2013-06-27,4.31,3461500,11421000,3.299
2013-06-28,4.31,4020000,11496000,2.86
2013-07-01,4.06,3461500,9084000,2.624
2013-07-02,4.23,3461500,12354000,3.569
2013-07-04,4.55,3461500,7963000,2.3
2013-07-05,4.4,4020000,7480000,1.861
2013-07-08,4.16,3461500,10457000,3.021
2013-07-09,4.2,3461500,17207000,4.971
2013-07-11,4.06,3461500,12827000,3.706
2013-07-12,3.95,4020000,12416000,3.089
2013-07-15,3.99,3461500,10473500,3.026
2013-07-16,4.11,3461500,13007500,3.758
2013-07-18,4.1,3461500,18264000,5.276
2013-07-19,4.06,4020000,13050500,3.246
2013-07-22,4.1,3461500,9177000,2.651
2013-07-23,4.26,3461500,16196000,4.679
2013-07-25,4.3,3461500,14343000,4.144
2013-07-26,4.28,4020000,10629000,2.644
2013-07-29,4.24,3461500,7554000,2.182
2013-07-30,4.33,3461500,16305000,4.71
2013-08-01,4.36,1768500,10855000,6.138
2013-08-02,4.3,2010000,11389000,5.666
2013-08-05,4.4,1768500,10805000,6.11
2013-08-06,4.39,1768500,10833000,6.126
2013-08-08,4.43,1768500,6923500,3.915
2013-08-09,4.48,2010000,8958000,4.457
2013-08-12,4.4,1768500,7256500,4.103
2013-08-13,4.28,1768500,5870000,3.319
2013-08-16,4.33,2010000,8566000,4.262
2013-08-19,4.31,1768500,6455000,3.65
2013-08-20,4.28,1768500,6899000,3.901
2013-08-22,4.43,1768500,10398000,5.88
2013-08-23,4.49,2010000,8503000,4.23
2013-08-27,4.44,1768500,8237000,4.658
2013-08-29,4.57,1768500,9412000,5.322
2013-08-30,4.54,2010000,5373000,2.673
2013-09-02,4.49,3461500,10932000,3.158
2013-09-03,4.38,3461500,12225000,3.532
2013-09-05,4.75,3461500,10376000,2.998
2013-09-06,5.05,4020000,7255000,1.805
2013-09-09,5.38,3461500,9265000,2.677
2013-09-10,5.13,3461500,6475000,1.871
2013-09-12,5.3,3461500,12833000,3.707
2013-09-13,5.37,4020000,11394000,2.834
2013-09-16,5.401,7122500,13918000,1.954
2013-09-17,5.44,3461500,12876000,3.72
2013-09-19,5.4,3461500,7536000,2.177
2013-09-20,5.3,4020000,8042000,2.0
2013-09-23,5.307,7122500,17622000,2.474
2013-09-24,5.47,3461500,11110000,3.21
2013-09-26,5.33,3461500,15370000,4.44
2013-09-27,5.38,4020000,17192000,4.277
2013-09-30,5.179,7122500,35051000,4.921
2013-10-01,5.05,3461500,13933000,4.025
2013-10-04,5.12,4020000,11654000,2.899
2013-10-07,5.074,7122500,15556000,2.184
2013-10-08,4.88,3461500,7517500,2.172
2013-10-10,4.7,3461500,15836000,4.575
2013-10-11,4.58,4020000,17440000,4.338
2013-10-14,4.55,7122500,31988000,4.491
2013-10-15,5.07,3461500,19521500,5.64
2013-10-17,5.27,3461500,19277000,5.569
2013-10-18,5.14,4020000,17571000,4.371
2013-10-21,4.858,7122000,27508500,3.862
2013-10-22,4.64,3461500,13890000,4.013
2013-10-24,4.58,3461500,11811000,3.412
2013-10-25,4.61,4020000,20627000,5.131
2013-10-28,4.829,7122000,26484000,3.719
2013-10-29,4.78,3461500,21330000,6.162
2013-10-31,4.87,3461500,24253000,7.007
2013-11-01,4.63,4020000,11504000,2.862
2013-11-04,4.611,7122000,24798000,3.482
2013-11-05,4.7,3461500,17288500,4.995
2013-11-07,4.73,3461500,14805500,4.277
2013-11-08,4.78,4020000,15721000,3.911
2013-11-11,4.46,7122000,24570000,3.45
2013-11-12,4.57,3461500,18871000,5.452
2013-11-14,4.63,3461500,14754500,4.262
2013-11-15,4.46,4020000,15716500,3.91
2013-11-18,4.354,7122000,20303000,2.851
2013-11-19,4.44,3461500,17973000,5.192
2013-11-21,4.44,3461500,14200000,4.102
2013-11-22,4.48,4020000,17215000,4.282
2013-11-25,4.38,7122000,26745000,3.755
2013-11-26,4.41,3461500,16167000,4.671
2013-11-28,4.41,3442500,15014000,4.361
2013-11-29,4.36,4020000,11114000,2.765
2013-12-02,4.345,7103000,19579000,2.756
2013-12-03,4.47,3442500,17276500,5.019
2013-12-05,4.49,3442500,18689500,5.429
2013-12-06,4.7,4020000,9952000,2.476
2013-12-09,4.679,7103000,16567000,2.332
2013-12-10,4.8,3442500,11791000,3.425
2013-12-12,4.77,3442500,13254000,3.85
2013-12-13,4.84,3670500,11748500,3.201
2013-12-16,4.7,7103000,21380000,3.01
2013-12-17,4.7,3999000,12446000,3.112
2014-01-07,4.65,4018500,12748000,3.172
2014-01-08,4.69,4445000,17246000,3.88
2014-01-09,4.56,4018500,15059000,3.747
2014-01-10,4.45,4600000,14280000,3.104
2014-01-13,4.52,4018500,18647000,4.64
2014-01-14,4.73,4018500,18611000,4.631
2014-01-16,5.01,4018500,10917000,2.717
2014-01-17,5.04,4600000,14675000,3.19
2014-01-20,5.05,4018500,12051000,2.999
2014-01-21,4.93,4018500,16042000,3.992
2014-01-23,5.02,4018500,12355000,3.075
2014-01-24,4.97,4600000,18058000,3.926
2014-01-27,5.34,4018500,14658000,3.648
2014-01-28,5.47,4018500,12461500,3.101
2014-01-30,5.55,4018500,17403000,4.331
2014-01-31,5.6,4600000,16685000,3.627
2014-02-03,5.48,4018500,15168000,3.775
2014-02-04,5.93,4018500,9638000,2.398
2014-02-05,5.97,4445000,10418000,2.344
2014-02-06,6.01,4018500,16779000,4.175
2014-02-07,6.45,4600000,14340000,3.117
2014-02-10,6.34,4018500,13216000,3.289
2014-02-11,6.3,4018500,16022000,3.987
2014-02-13,6.21,4018500,24188000,6.019
2014-02-14,6.31,4600000,22226000,4.832
2014-02-17,6.7,4018500,21368000,5.317
2014-02-18,6.74,4018500,19673000,4.896
2014-02-20,6.92,4018500,22548000,5.611
2014-02-21,6.85,4600000,20859000,4.535
2014-02-24,7.1,4018500,13064000,3.251
2014-02-25,6.85,4018500,10539000,2.623
2014-02-27,6.47,4018500,24370500,6.065
2014-02-28,6.83,4600000,24544500,5.336
2014-03-03,6.97,4018500,22020000,5.48
2014-03-04,6.65,4018500,22527500,5.606
2014-03-05,6.89,4445000,11123000,2.502
2014-03-06,6.71,4018500,19702000,4.903
2014-03-07,6.72,4600000,27514500,5.981
2014-03-10,6.93,4018500,27073000,6.737
2014-03-11,6.81,4018500,29303000,7.292
2014-03-13,6.51,4018500,28085000,6.989
2014-03-14,6.19,4600000,26359000,5.73
2014-03-17,6.15,1927500,23325000,12.101
2014-03-18,6.0,1927500,18034000,9.356
2014-03-20,6.0,1927500,16987500,8.813
2014-03-21,6.1,2352000,22025000,9.364
2014-03-24,6.08,1927500,19738500,10.24
2014-03-25,5.8,1927500,18560000,9.629
2014-03-27,5.35,1927500,17401500,9.028
2014-03-28,5.1,2352000,12654000,5.38
2014-03-31,4.17,1927500,6283000,3.26
2014-04-01,4.9,1927500,7229000,3.75
2014-04-03,4.6,1927500,10156000,5.269
2014-04-04,4.75,2352000,19417000,8.256
2014-04-07,4.72,1927500,20835000,10.809
2014-04-08,5.03,1927500,19295000,10.01
2014-04-10,5.0,1927500,12220500,6.34
2014-04-11,5.26,2352000,19637000,8.349
2014-04-14,5.3,1927500,13949000,7.237
2014-04-15,5.23,1927500,19784000,10.264
2014-04-17,5.46,1927500,19916000,10.333
2014-04-22,5.62,1927500,19544000,10.14
2014-04-24,5.77,1927500,11409000,5.919
2014-04-25,5.52,2352000,17594000,7.48
2014-04-28,5.21,1927500,14055000,7.292
2014-04-29,5.39,1927500,9205000,4.776
2014-05-02,5.28,2352000,11945500,5.079
2014-05-05,5.03,1927500,9490000,4.923
2014-05-06,5.25,1927500,11985500,6.218
2014-05-08,5.09,1927500,17923500,9.299
2014-05-09,5.1,2352000,15502000,6.591
2014-05-12,5.28,1873000,12791500,6.829
2014-05-13,5.34,1873000,17031000,9.093
2014-05-15,4.75,1873000,13664000,7.295
2014-05-16,4.72,2352000,15875000,6.75
2014-05-19,4.6,1873000,13720000,7.325
2014-05-20,4.59,1873000,9068000,4.841
2014-05-22,5.23,1873000,7527000,4.019
2014-05-23,5.08,2352000,12140000,5.162
2014-05-26,4.98,1873000,9297000,4.964
2014-05-27,5.05,1873000,11192000,5.975
2014-05-30,5.1,2352000,7295000,3.102
2014-06-02,4.94,1873000,7920000,4.229
2014-06-03,5.19,1873000,13602000,7.262
2014-06-05,5.5,1873000,13202000,7.049
2014-06-06,5.41,2352000,15184000,6.456
2014-06-10,5.45,1873000,10722000,5.725
2014-06-12,5.4,1873000,10512000,5.612
2014-06-13,5.63,2352000,6978000,2.967
2014-06-16,5.68,1873000,11223000,5.992
2014-06-17,5.55,1873000,13077000,6.982
2014-06-19,5.6,1873000,7494000,4.001
2014-06-20,5.56,2352000,11895000,5.057
2014-06-23,5.64,1873000,13798000,7.367
2014-06-24,5.84,1873000,15368000,8.205
2014-06-26,5.77,1873000,10551000,5.633
2014-06-27,5.7,2352000,13599000,5.782
2014-06-30,5.82,1873000,8903000,4.753
2014-07-01,5.8,1873000,7039000,3.758
2014-07-03,5.97,1873000,9768000,5.215
2014-07-04,5.91,2352000,11247000,4.782
2014-07-07,5.5,1873000,8504000,4.54
2014-07-08,5.6,1873000,9896000,5.284
2014-07-10,5.72,1873000,9830000,5.248
2014-07-11,5.64,2352000,11254000,4.785
2014-07-14,5.7,1873000,7810500,4.17
2014-07-15,5.88,1873000,8891000,4.747
2014-07-17,6.07,1873000,13624000,7.274
2014-07-18,6.0,2352000,12569000,5.344
2014-07-21,6.02,1873000,11025000,5.886
2014-07-22,6.1,1873000,11809000,6.305
2014-07-24,6.1,1873000,11912000,6.36
2014-07-25,5.99,2352000,7335000,3.119
2014-07-28,6.05,1873000,10638000,5.68
2014-07-29,6.1,1873000,10390000,5.547
2014-07-31,6.11,1873000,9238500,4.932
2014-08-01,6.29,1176000,8880000,7.551
2014-08-04,6.27,934000,12899000,13.81
2014-08-05,6.17,934000,9128000,9.773
2014-08-07,6.2,934000,8176000,8.754
2014-08-08,5.93,1176000,4925000,4.188
2014-08-11,5.95,934000,10673000,11.427
2014-08-12,6.07,934000,7515000,8.046
2014-08-14,6.22,934000,7506000,8.036
2014-08-15,6.18,1176000,8965000,7.623
2014-08-18,6.34,934000,7008000,7.503
2014-08-19,6.28,934000,5401000,5.783
2014-08-21,6.43,934000,6255000,6.697
2014-08-22,6.34,1176000,8914000,7.58
2014-08-25,6.3,934000,4841000,5.183
2014-08-26,6.26,934000,4426000,4.739
2014-08-28,6.38,934000,7154500,7.66
2014-08-29,6.4,1176000,5162000,4.389
2014-09-01,6.25,1873000,9897000,5.284
2014-09-02,6.35,1873000,7107000,3.794
2014-09-04,6.25,1873000,7738000,4.131
2014-09-05,6.04,2352000,7760000,3.299
2014-09-08,6.25,1873000,9447500,5.044
2014-09-09,6.23,1873000,12270000,6.551
2014-09-11,6.07,1873000,10605000,5.662
2014-09-12,6.06,2352000,12185000,5.181
2014-09-15,5.95,1873000,13678000,7.303
2014-09-16,5.81,1873000,10290000,5.494
2014-09-18,5.83,1873000,6430000,3.433
2014-09-19,5.94,2352000,6408000,2.724
2014-09-22,5.98,1873000,16012000,8.549
2014-09-23,5.9,1873000,8174000,4.364
2014-09-25,5.72,1873000,13847000,7.393
2014-09-26,5.8,2352000,15356000,6.529
2014-09-29,5.85,1873000,16322000,8.714
2014-09-30,5.68,1873000,16005000,8.545
2014-10-02,5.74,1873000,18827000,10.052
2014-10-06,5.67,1873000,17656000,9.427
2014-10-07,5.67,1873000,4807000,2.566
2014-10-09,6.06,1873000,9118000,4.868
2014-10-10,6.03,2352000,18116000,7.702
2014-10-13,5.88,1873000,6957000,3.714
2014-10-14,6.01,1873000,9871000,5.27
2014-10-16,6.16,1873000,8439000,4.506
2014-10-17,6.23,2352000,8167000,3.472
2014-10-20,6.03,1873000,6708000,3.581
2014-10-21,6.15,1873000,9157000,4.889
2014-10-23,6.16,1873000,6113000,3.264
2014-10-24,6.35,2352000,7175000,3.051
2014-10-27,6.33,1873000,11667000,6.229
2014-10-28,6.26,1873000,6813000,3.637
2014-10-30,6.38,1873000,8292000,4.427
2014-10-31,6.35,2352000,10087000,4.289
2014-11-03,6.3,1873000,6692000,3.573
2014-11-04,6.56,1873000,7974000,4.257
2014-11-06,6.61,1873000,5848000,3.122
2014-11-07,6.6,2352000,5579000,2.372
2014-11-10,6.7,1873000,6721000,3.588
2014-11-11,6.68,1873000,11720000,6.257
2014-11-13,6.78,1873000,13906000,7.424
2014-11-14,6.7,2352000,17345000,7.375
2014-11-17,6.64,1873000,6480000,3.46
2014-11-18,6.91,1873000,4341000,2.318
2014-11-20,6.93,1873000,6168000,3.293
2014-11-21,6.88,2352000,6458000,2.746
2014-11-24,7.02,1873000,8439000,4.506
2014-11-25,7.05,1873000,7603000,4.059
2014-11-27,7.09,1873000,5592000,2.986
2014-11-28,7.02,2352000,4230000,1.798
2014-12-01,6.95,1873000,9405000,5.021
2014-12-02,7.0,1873000,6918000,3.694
2014-12-04,6.77,1873000,11191000,5.975
2014-12-05,6.66,2352000,11032500,4.691
2014-12-08,6.58,1873000,6811000,3.636
2014-12-09,6.6,1873000,8547000,4.563
2014-12-11,6.65,1873000,10048000,5.365
2014-12-12,6.64,2335500,4565000,1.955
2014-12-15,6.6,1873000,6472000,3.455
2014-12-16,6.93,1727500,9218000,5.336
2015-01-08,6.7,2918000,11266000,3.861
2015-01-09,6.71,3198000,13262000,4.147
2015-01-12,6.59,2918000,9069500,3.108
2015-01-13,6.77,2918000,7408000,2.539
2015-01-15,7.1,2918000,10123500,3.469
2015-01-16,7.05,3198000,11502500,3.597
2015-01-19,7.06,2918000,13468500,4.616
2015-01-20,7.25,2918000,12501500,4.284
2015-01-22,7.02,2918000,9774000,3.35
2015-01-23,6.81,3198000,10745000,3.36
2015-01-26,6.76,2918000,11241000,3.852
2015-01-27,6.82,2918000,10439000,3.577
2015-01-28,6.76,2854000,14796000,5.184
2015-01-29,6.92,2918000,8818000,3.022
2015-01-30,6.96,3198000,12061000,3.771
2015-02-02,7.06,2918000,7888000,2.703
2015-02-03,7.06,2918000,8090000,2.772
2015-02-05,6.87,2918000,15481000,5.305
2015-02-06,6.92,3198000,19718000,6.166
2015-02-09,6.86,2918000,17126000,5.869
2015-02-10,6.88,2918000,19805500,6.787
2015-02-12,7.29,2918000,11666500,3.998
2015-02-13,7.35,3198000,8464000,2.647
2015-02-16,7.66,2918000,9379000,3.214
2015-02-17,7.62,2918000,16344500,5.601
2015-02-19,7.37,2918000,9695000,3.322
2015-02-20,7.26,3198000,9292000,2.906
2015-02-23,7.2,2918000,10290000,3.526
2015-02-24,7.66,2918000,6272000,2.149
2015-02-26,7.29,2918000,8282000,2.838
2015-02-27,6.93,3198000,6446000,2.016
2015-03-02,6.9,2918000,9904000,3.394
2015-03-03,6.82,2918000,12822000,4.394
2015-03-05,6.96,2918000,16851000,5.775
2015-03-06,6.7,3198000,8443000,2.64
2015-03-09,6.66,2918000,15465000,5.3
2015-03-10,6.67,2918000,18442000,6.32
2015-03-12,6.61,2918000,13157000,4.509
2015-03-13,6.26,3198000,9995000,3.125
2015-03-16,6.36,2918000,6803500,2.332
2015-03-17,6.45,2918000,8850000,3.033
2015-03-19,6.7,2918000,8473000,2.904
2015-03-20,6.7,3198000,9215000,2.881
2015-03-23,6.94,2918000,8507000,2.915
2015-03-24,7.02,2918000,7841000,2.687
2015-03-25,6.77,2854000,6101000,2.138
2015-03-26,7.0,2918000,7529000,2.58
2015-03-27,6.9,3198000,5040000,1.576
2015-03-30,6.81,2918000,8325000,2.853
2015-03-31,6.79,2918000,6771000,2.32
2015-04-02,7.14,2918000,7087000,2.429
2015-04-07,7.08,2918000,7615000,2.61
2015-04-09,7.12,2918000,7262000,2.489
2015-04-10,6.96,3198000,5845000,1.828
2015-04-13,6.82,2918000,6821000,2.338
2015-04-14,6.77,2918000,8775000,3.007
2015-04-16,6.82,2918000,5481500,1.879
2015-04-17,6.83,3198000,6721500,2.102
2015-04-20,6.88,2918000,6350500,2.176
2015-04-21,7.07,2918000,7342000,2.516
2015-04-23,7.06,2918000,9632500,3.301
2015-04-24,7.27,3198000,8361000,2.614
2015-04-27,7.33,2918000,5118500,1.754
2015-04-28,7.16,2918000,6040500,2.07
2015-04-30,7.52,2918000,5968000,2.045
2015-05-05,7.5,2918000,13722000,4.703
2015-05-07,7.5,2918000,15561500,5.333
2015-05-08,7.43,3198000,12159000,3.802
2015-05-11,7.5,2918000,10567500,3.621
2015-05-12,7.62,2918000,9421500,3.229
2015-05-15,7.48,3198000,10451000,3.268
2015-05-18,7.54,2918000,9172000,3.143
2015-05-19,7.51,2918000,8495000,2.911
2015-05-20,7.38,2854000,8556000,2.998
2015-05-21,7.3,2918000,11043000,3.784
2015-05-22,7.25,3198000,7919000,2.476
2015-05-26,7.28,2918000,8232000,2.821
2015-05-28,7.2,2918000,7139500,2.447
2015-05-29,7.22,3198000,9148500,2.861
2015-06-01,7.23,2918000,7653000,2.623
2015-06-02,7.26,2918000,12000500,4.113
2015-06-05,7.4,3198000,8589000,2.686
2015-06-08,7.38,2918000,8845000,3.031
2015-06-09,7.48,2918000,8616000,2.953
2015-06-11,7.58,2918000,8265000,2.832
2015-06-12,7.52,3198000,6754000,2.112
2015-06-15,7.54,2918000,10185000,3.49
2015-06-16,7.48,2918000,12787000,4.382
2015-06-18,7.45,2918000,6020000,2.063
2015-06-19,7.41,3198000,7038000,2.201
2015-06-22,7.43,2918000,7027500,2.408
2015-06-23,7.45,2918000,11664500,3.997
2015-06-25,7.52,2918000,4706500,1.613
2015-06-26,7.5,3198000,6929000,2.167
2015-06-29,7.36,2918000,11469500,3.931
2015-06-30,7.36,2918000,8732000,2.992
2015-07-02,7.42,2918000,9076000,3.11
2015-07-03,7.42,3198000,9237000,2.888
2015-07-06,7.33,2918000,6437000,2.206
2015-07-07,7.35,2918000,8938000,3.063
2015-07-09,7.43,2918000,6046000,2.072
2015-07-10,7.52,3198000,6646000,2.078
2015-07-13,7.64,2918000,7065000,2.421
2015-07-14,7.72,2918000,7949000,2.724
2015-07-16,7.69,2918000,10119000,3.468
2015-07-17,7.6,3198000,6411000,2.005
2015-07-20,7.76,2918000,7666000,2.627
2015-07-21,7.92,2918000,6343000,2.174
2015-07-23,8.04,2918000,7729000,2.649
2015-07-24,8.01,3198000,6830000,2.136
2015-07-27,7.98,2918000,9428000,3.231
2015-07-28,7.95,2918000,10843000,3.716
2015-07-29,8.03,2854000,10329000,3.619
2015-07-30,8.0,2918000,6675000,2.288
2015-07-31,7.82,3198000,5471000,1.711
2015-08-03,7.91,1459000,3704000,2.539
2015-08-04,7.94,1459000,6146000,4.212
2015-08-06,7.83,1459000,6043500,4.142
2015-08-07,7.79,1599000,2896500,1.811
2015-08-10,7.78,1459000,5603500,3.841
2015-08-11,7.95,1459000,5134000,3.519
2015-08-13,8.18,1459000,4666000,3.198
2015-08-14,8.15,1599000,5615000,3.512
2015-08-17,8.26,1459000,6006000,4.117
2015-08-18,8.17,1459000,6131000,4.202
2015-08-20,8.31,1459000,5575000,3.821
2015-08-21,8.31,1599000,5004000,3.129
2015-08-24,8.08,1459000,5489500,3.763
2015-08-25,8.22,1459000,5042000,3.456
2015-08-27,8.07,1459000,6268000,4.296
2015-08-28,8.04,1599000,5875000,3.674
2015-09-01,7.98,2918000,9105000,3.12
2015-09-03,8.06,2918000,7843500,2.688
2015-09-04,8.06,3198000,7131500,2.23
2015-09-07,8.02,2918000,8322500,2.852
2015-09-08,8.09,2918000,8233500,2.822
2015-09-10,8.25,2918000,6537000,2.24
2015-09-11,8.22,3198000,7503000,2.346
2015-09-14,8.21,2918000,7830500,2.684
2015-09-15,8.17,2918000,8218000,2.816
2015-09-17,8.18,2918000,11371000,3.897
2015-09-18,8.16,3198000,10411000,3.255
2015-09-21,8.04,2918000,10633000,3.644
2015-09-22,7.98,2918000,11614000,3.98
2015-09-23,8.04,2854000,11808000,4.137
2015-09-24,7.99,2918000,9771000,3.349
2015-09-25,7.94,3198000,12892000,4.031
2015-09-28,7.92,2918000,7419000,2.542
2015-09-29,7.87,2918000,8084000,2.77
2015-10-01,8.2,2918000,8540000,2.927
2015-10-02,8.1,3198000,9128500,2.854
2015-10-05,8.16,2918000,8492000,2.91
2015-10-06,8.16,2918000,10570000,3.622
2015-10-08,8.11,2918000,12045000,4.128
2015-10-09,8.16,3198000,12577000,3.933
2015-10-12,8.26,2918000,6031000,2.067
2015-10-13,8.3,2918000,8602000,2.948
2015-10-15,8.46,2918000,6893000,2.362
2015-10-16,8.37,3198000,12063000,3.772
2015-10-19,8.35,2918000,11085500,3.799
2015-10-20,8.32,2918000,9200000,3.153
2015-10-22,8.44,2918000,12435000,4.261
2015-10-23,8.52,3198000,14656000,4.583
2015-10-26,8.55,2918000,7038000,2.412
2015-10-27,8.63,2918000,8051000,2.759
2015-10-29,8.59,2918000,7231000,2.478
2015-10-30,8.59,3198000,9099500,2.845
2015-11-02,8.54,2918000,11786000,4.039
2015-11-03,8.58,2918000,7905500,2.709
2015-11-05,8.4,2918000,10969000,3.759
2015-11-06,8.45,3198000,6492000,2.03
2015-11-09,8.35,2918000,12636000,4.33
2015-11-10,8.28,2918000,10097000,3.46
2015-11-12,8.36,2918000,8361000,2.865
2015-11-13,8.34,3198000,7705000,2.409
2015-11-16,8.43,2918000,8567000,2.936
2015-11-17,8.49,2918000,7974000,2.733
2015-11-18,8.51,2855500,8035000,2.814
2015-11-19,8.57,2918000,9519000,3.262
2015-11-20,8.59,3198000,7887000,2.466
2015-11-23,8.46,2918000,6826000,2.339
2015-11-24,8.63,2918000,10915000,3.741
2015-11-26,8.61,2918000,9559000,3.276
2015-11-27,8.54,3198000,10234500,3.2
2015-11-30,8.55,2918000,7338500,2.515
2015-12-01,8.52,2918000,9320000,3.194
2015-12-03,8.44,2918000,6788000,2.326
2015-12-04,8.56,3198000,8953000,2.8
2015-12-07,8.42,2918000,9131000,3.129
2015-12-08,8.33,2918000,6049500,2.073
2015-12-10,8.32,2918000,10137000,3.474
2015-12-11,7.98,3181500,8129500,2.555
2015-12-14,7.92,2918000,5776000,1.979
2015-12-15,8.05,2918000,7381000,2.529
2015-12-17,8.12,2818500,10044000,3.564
2016-01-11,7.45,3425000,6264000,1.829
2016-01-12,7.04,3425000,11488000,3.354
2016-01-14,7.05,3425000,8448000,2.467
2016-01-15,6.71,3495000,10706000,3.063
2016-01-18,6.52,3425000,6243000,1.823
2016-01-19,6.81,3425000,9248000,2.7
2016-01-21,6.04,3425000,9599000,2.803
2016-01-22,6.33,3495000,6422000,1.837
2016-01-25,5.93,3425000,7054000,2.06
2016-01-26,5.8,3425000,6810000,1.988
2016-01-28,6.02,3425000,9240000,2.698
2016-01-29,6.06,3495000,6532500,1.869
2016-02-01,5.75,3425000,6611500,1.93
2016-02-02,5.57,3425000,7391500,2.158
2016-02-03,5.7,3526000,7232000,2.051
2016-02-04,5.55,3425000,7350000,2.146
2016-02-05,5.55,3495000,8945500,2.56
2016-02-08,5.25,3425000,7303000,2.132
2016-02-09,5.19,3425000,7605500,2.221
2016-02-11,4.65,3425000,8166000,2.384
2016-02-12,4.94,3495000,6689000,1.914
2016-02-15,4.97,3425000,7105000,2.074
2016-02-16,4.78,3425000,8194500,2.393
2016-02-18,5.22,3425000,6835000,1.996
2016-02-19,5.26,3495000,9034000,2.585
2016-02-22,5.2,3425000,11146000,3.254
2016-02-23,5.14,3425000,8923000,2.605
2016-02-25,4.78,3425000,6788000,1.982
2016-02-26,5.08,3495000,6150000,1.76
2016-02-29,4.85,3425000,5631000,1.644
2016-03-01,4.9,3425000,8020500,2.342
2016-03-02,4.8,3526000,6503000,1.844
2016-03-03,4.88,3425000,8239000,2.406
2016-03-04,4.8,3495000,8400000,2.403
2016-03-07,4.95,3425000,8694000,2.538
2016-03-08,5.0,3425000,9847500,2.875
2016-03-10,5.0,3425000,9068000,2.648
2016-03-11,5.01,3495000,10399000,2.975
2016-03-14,4.92,3425000,7774000,2.27
2016-03-15,4.81,3425000,8475000,2.474
2016-03-17,4.92,3425000,5977000,1.745
2016-03-18,4.92,3495000,6894000,1.973
2016-03-21,4.86,3425000,7721000,2.254
2016-03-22,4.8,3425000,7346000,2.145
2016-03-24,4.76,3425000,7595000,2.218
2016-03-29,4.75,3425000,6827000,1.993
2016-03-30,4.77,3526000,7356000,2.086
2016-03-31,4.97,3425000,8325000,2.431
2016-04-01,5.18,3495000,5528000,1.582
2016-04-04,5.08,3425000,6213000,1.814
2016-04-05,5.26,3425000,8149000,2.379
2016-04-07,5.23,3425000,7699000,2.248
2016-04-08,5.23,3495000,7788000,2.228
2016-04-11,5.42,3425000,6429000,1.877
2016-04-12,5.63,3425000,8049000,2.35
2016-04-14,5.47,3425000,9087000,2.653
2016-04-15,5.54,3495000,9072000,2.596
2016-04-18,5.38,3425000,7768000,2.268
2016-04-19,5.47,3425000,6693000,1.954
2016-04-21,5.58,3425000,8634000,2.521
2016-04-22,5.74,3495000,7130000,2.04
2016-04-25,5.92,3425000,7323000,2.138
2016-04-26,6.08,3425000,6587000,1.923
2016-04-27,6.94,3526000,6160000,1.747
2016-04-28,6.64,3425000,4943000,1.443
2016-04-29,6.29,3495000,5814000,1.664
2016-05-03,5.88,3425000,6225000,1.818
2016-05-06,6.13,3495000,7191000,2.058
2016-05-09,5.96,3425000,6332000,1.849
2016-05-10,5.65,3425000,7371000,2.152
2016-05-12,6.04,3425000,5681000,1.659
2016-05-13,5.75,3495000,5355000,1.532
2016-05-17,5.94,3425000,5677000,1.658
2016-05-19,5.87,3425000,7887000,2.303
2016-05-20,5.95,3495000,7730000,2.212
2016-05-23,5.85,3425000,6096000,1.78
2016-05-24,5.73,3425000,6018000,1.757
2016-05-27,5.9,3495000,8352000,2.39
2016-05-31,6.0,3425000,5631000,1.644
2016-06-02,5.96,3425000,8438000,2.464
2016-06-03,5.96,3495000,6338000,1.813
2016-06-06,6.05,3425000,8485000,2.477
2016-06-07,6.14,3425000,8703000,2.541
2016-06-09,6.05,3425000,9890000,2.888
2016-06-10,5.93,3495000,9112000,2.607
2016-06-13,5.83,3425000,7862000,2.295
2016-06-14,5.78,3425000,9989000,2.916
2016-06-16,5.82,3425000,10976000,3.205
2016-06-17,5.68,3495000,6487000,1.856
2016-06-20,5.76,3425000,7453000,2.176
2016-06-21,5.68,3425000,7665000,2.238
2016-06-22,5.55,4407500,9374000,2.127
2016-06-23,5.6,3425000,8431000,2.462
2016-06-24,4.96,3495000,8093000,2.316
2016-06-27,4.86,3425000,8738500,2.551
2016-06-28,4.8,3425000,6806500,1.987
2016-06-30,4.47,3425000,6329000,1.848
2016-07-01,4.35,3495000,6698000,1.916
2016-07-04,4.77,3425000,6830000,1.994
2016-07-05,4.86,3425000,7546000,2.203
2016-07-07,4.7,3425000,6811500,1.989
2016-07-08,4.45,3495000,4332000,1.239
2016-07-11,4.45,3425000,6828500,1.994
2016-07-12,4.53,3425000,7002500,2.045
2016-07-14,4.79,3425000,8343000,2.436
2016-07-15,4.65,3495000,7729000,2.211
2016-07-18,4.97,3425000,8153000,2.38
2016-07-19,4.75,3425000,9530000,2.782
2016-07-20,4.65,4407500,11230000,2.548
2016-07-21,4.7,3425000,8419000,2.458
2016-07-22,4.6,3495000,8189000,2.343
2016-07-25,4.56,3425000,8173000,2.386
2016-07-26,4.51,3425000,7815000,2.282
2016-07-28,4.58,3425000,6729000,1.965
2016-07-29,4.38,3495000,9319000,2.666
2016-08-01,4.38,1712500,4082000,2.384
2016-08-02,4.32,1712500,6875000,4.015
2016-08-04,4.6,1712500,6937000,4.051
2016-08-05,4.75,1747500,7715500,4.415
2016-08-08,4.79,1712500,5786500,3.379
2016-08-09,4.87,1712500,4517000,2.638
2016-08-11,4.75,1712500,4514000,2.636
2016-08-12,4.86,1747500,4834000,2.766
2016-08-16,4.78,1712500,4509500,2.633
2016-08-17,4.65,2644500,7212000,2.727
2016-08-18,4.55,1712500,5922000,3.458
2016-08-19,4.71,1747500,5480000,3.136
2016-08-26,4.71,1747500,7714000,4.414
2016-09-02,4.32,3495000,4949000,1.416
2016-09-05,4.02,3664000,6705000,1.83
2016-09-06,3.94,3664000,10449000,2.852
2016-09-08,4.02,3664000,9723000,2.654
2016-09-09,4.07,3495000,6688000,1.914
2016-09-12,3.94,3664000,7730000,2.11
2016-09-13,3.97,3664000,6035000,1.647
2016-09-15,3.94,3664000,8230000,2.246
2016-09-16,4.26,3495000,8904000,2.548
2016-09-19,4.23,3664000,6616000,1.806
2016-09-20,4.3,3664000,5192000,1.417
2016-09-22,4.33,3664000,7875000,2.149
2016-09-23,4.38,3495000,7284000,2.084
2016-09-26,4.5,3664000,8694000,2.373
2016-09-27,4.51,3664000,7663000,2.091
2016-09-29,5.06,3664000,7307000,1.994
2016-09-30,5.0,3495000,5148000,1.473
2016-10-04,5.17,3664000,9616000,2.624
2016-10-06,5.68,3664000,9570500,2.612
2016-10-07,5.62,3495000,10662500,3.051
2016-10-10,5.53,3664000,10570500,2.885
2016-10-11,5.58,3664000,9654500,2.635
2016-10-13,5.59,3664000,7943500,2.168
2016-10-14,5.65,3495000,9072500,2.596
2016-10-17,5.84,3664000,10020500,2.735
2016-10-18,5.89,3664000,9728500,2.655
2016-10-20,5.7,3664000,9947500,2.715
2016-10-21,5.58,3495000,7800000,2.232
2016-10-24,5.92,3664000,8681000,2.369
2016-10-25,5.78,3664000,8648000,2.36
2016-10-27,5.9,3664000,9881000,2.697
2016-10-28,5.7,3495000,6896500,1.973
2016-10-31,5.76,3664000,10878500,2.969
2016-11-03,6.35,3664000,10788500,2.944
2016-11-04,6.54,3495000,8666500,2.48
2016-11-07,6.46,3664000,8030000,2.192
2016-11-08,6.1,3664000,9551000,2.607
2016-11-10,5.95,3664000,6410500,1.75
2016-11-11,5.85,3495000,7457000,2.134
2016-11-14,5.54,3664000,7189000,1.962
2016-11-15,5.55,3664000,9279000,2.532
2016-11-17,5.6,3664000,11653000,3.18
2016-11-18,5.73,3495000,7127000,2.039
2016-11-21,5.44,3664000,7011000,1.913
2016-11-22,5.42,3664000,8842000,2.413
2016-11-24,5.29,3664000,8285000,2.261
2016-11-25,5.05,3495000,6768000,1.936
2016-11-28,4.8,3664000,6375000,1.74
2016-11-29,4.56,3664000,7140000,1.949
2016-12-01,4.44,3664000,8567000,2.338
2016-12-02,4.32,3495000,7635000,2.185
2016-12-05,4.16,3664000,8656000,2.362
2016-12-06,4.15,3664000,10547500,2.879
2016-12-08,4.23,3664000,7323000,1.999
2016-12-09,4.48,3495000,8644000,2.473
2016-12-12,4.65,3664000,8924000,2.436
2016-12-13,4.82,3664000,9168000,2.502
2016-12-15,4.96,3684500,9300000,2.524
2016-12-16,4.59,3495500,8358000,2.391
2017-01-09,5.0,4261500,13200000,3.098
2017-01-10,5.6,4261500,12873000,3.021
2017-01-12,5.3,4261500,12973000,3.044
2017-01-13,5.06,4473000,15186000,3.395
2017-01-16,4.96,4261500,11547000,2.71
2017-01-17,4.8,4261500,14867000,3.489
2017-01-19,4.88,4261500,11982000,2.812
2017-01-20,5.16,4473000,8762000,1.959
2017-01-23,5.34,4261500,10345000,2.428
2017-01-24,5.23,4261500,15990000,3.752
2017-01-26,4.93,4261500,15177000,3.561
2017-01-27,5.05,4473000,14932000,3.338
2017-01-30,4.99,4261500,10787000,2.531
2017-01-31,5.2,4261500,13005000,3.052
2017-02-02,5.24,4261500,10366500,2.433
2017-02-03,5.22,4473000,14191000,3.173
2017-02-06,5.08,4261500,15089000,3.541
2017-02-07,5.08,4261500,10686500,2.508
2017-02-09,5.25,4261500,11949500,2.804
2017-02-10,5.3,4473000,12410000,2.774
2017-02-13,5.07,4261500,7641000,1.793
2017-02-14,4.95,4261500,8687000,2.038
2017-02-16,4.96,4261500,10434000,2.448
2017-02-17,4.85,4473000,10176000,2.275
2017-02-20,5.05,4261500,15065000,3.535
2017-02-21,5.09,4261500,15776000,3.702
2017-02-23,5.17,4261500,13941000,3.271
2017-02-24,5.31,4473000,11973000,2.677
2017-02-27,5.28,4261500,12410000,2.912
2017-02-28,5.15,4261500,8679000,2.037
2017-03-02,5.74,4261500,12835500,3.012
2017-03-03,5.55,4473000,10667000,2.385
2017-03-06,5.47,4261500,11826500,2.775
2017-03-07,5.43,4261500,12087000,2.836
2017-03-09,5.16,4261500,14214500,3.336
2017-03-10,5.08,4473000,14078500,3.147
2017-03-13,5.11,4261500,17153500,4.025
2017-03-14,5.16,4261500,13192500,3.096
2017-03-16,5.07,4261500,10459500,2.454
2017-03-17,5.13,4473000,15148500,3.387
2017-03-20,5.05,4261500,11091500,2.603
2017-03-21,4.93,4261500,9674500,2.27
2017-03-23,4.98,4261500,11104500,2.606
2017-03-24,4.88,4473000,11097500,2.481
2017-03-27,4.67,4261500,11010000,2.584
2017-03-28,4.63,4261500,9412000,2.209
2017-03-29,4.71,5738500,14198000,2.474
2017-03-30,4.63,4261500,10452000,2.453
2017-03-31,4.85,4473000,13013000,2.909
2017-04-03,4.7,4261500,9344000,2.193
2017-04-04,4.78,4261500,11503500,2.699
2017-04-06,4.86,4261500,11758000,2.759
2017-04-07,5.06,4473000,10853000,2.426
2017-04-10,4.84,4261500,12078000,2.834
2017-04-11,4.77,4261500,11826000,2.775
2017-04-12,4.84,4857000,11940000,2.458
2017-04-13,4.93,4261500,10622000,2.493
2017-04-18,4.85,4261500,11651000,2.734
2017-04-20,4.76,4261500,12260500,2.877
2017-04-21,4.73,4473000,12850000,2.873
2017-04-24,4.7,4261500,12756000,2.993
2017-04-25,4.62,4261500,12604000,2.958
2017-04-26,4.49,4857000,8617000,1.774
2017-04-27,4.57,4261500,11367000,2.667
2017-04-28,4.52,4473000,11691000,2.614
2017-05-02,4.48,4261500,7551000,1.772
2017-05-04,4.35,4261500,9042000,2.122
2017-05-05,4.52,4473000,11086000,2.478
2017-05-08,4.45,4261500,9093000,2.134
2017-05-09,4.37,4261500,9289000,2.18
2017-05-10,4.49,4857000,9636000,1.984
2017-05-11,4.37,4261500,9175000,2.153
2017-05-12,4.26,4473000,6416000,1.434
2017-05-15,4.41,4261500,9058000,2.126
2017-05-16,4.45,4261500,10938000,2.567
2017-05-18,4.68,4261500,10795000,2.533
2017-05-19,4.77,4473000,9947000,2.224
2017-05-22,4.87,4261500,15020000,3.525
2017-05-23,4.88,4261500,11443000,2.685
2017-05-24,4.81,4857000,12974000,2.671
2017-05-30,5.1,4261500,9819000,2.304
2017-06-01,5.05,4261500,11766000,2.761
2017-06-02,5.07,4473000,12129000,2.712
2017-06-06,5.16,4261500,12721000,2.985
2017-06-07,4.97,4857000,13765000,2.834
2017-06-08,4.96,4261500,12358000,2.9
2017-06-09,4.98,4473000,9167000,2.049
2017-06-12,5.03,4261500,10118000,2.374
2017-06-13,4.99,4261500,13734000,3.223
2017-06-19,4.84,4261500,11598000,2.722
2017-06-20,4.99,4261500,12307000,2.888
2017-06-21,4.95,4857000,13166000,2.711
2017-06-22,4.81,4261500,11617000,2.726
2017-06-23,4.87,4473000,12028000,2.689
2017-06-26,4.84,4261500,11670000,2.738
2017-06-27,4.8,4261500,14330500,3.363
2017-06-29,5.05,4261500,12574500,2.951
2017-06-30,5.02,4473000,9579000,2.142
2017-07-03,4.98,4261500,9810000,2.302
2017-07-04,5.06,4261500,10163000,2.385
2017-07-05,5.1,4857000,10632000,2.189
2017-07-06,5.07,4261500,9767000,2.292
2017-07-07,5.24,4473000,10530000,2.354
2017-07-10,5.5,4261500,11980000,2.811
2017-07-11,5.37,4261500,9600000,2.253
2017-07-13,5.46,4261500,10186000,2.39
2017-07-14,5.27,4473000,10685000,2.389
2017-07-17,5.4,4261500,15724000,3.69
2017-07-18,5.46,4261500,13776000,3.233
2017-07-19,5.39,4857000,11498000,2.367
2017-07-20,5.35,4261500,15368000,3.606
2017-07-21,5.23,4473000,14812000,3.311
2017-07-24,5.04,4261500,14724000,3.455
2017-07-25,5.12,4261500,17099000,4.012
2017-07-27,5.2,4261500,11017000,2.585
2017-07-28,5.06,4473000,9860000,2.204
2017-07-31,5.23,4261500,14058000,3.299
2017-08-01,5.6,2131500,8598000,4.034
2017-08-02,5.29,2428500,8277000,3.408
2017-08-03,5.38,2131500,7921000,3.716
2017-08-04,5.33,2236500,7732000,3.457
2017-08-07,5.24,2131500,8671000,4.068
2017-08-08,5.26,2131500,8292000,3.89
2017-08-10,5.4,2131500,7968000,3.738
2017-08-11,5.35,2236500,7911000,3.537
2017-08-14,5.41,2131500,7455000,3.498
2017-08-16,5.62,2428500,9757500,4.018
2017-08-17,5.9,2131500,7405000,3.474
2017-08-18,5.8,2236500,6635000,2.967
2017-08-21,5.81,2131500,4670000,2.191
2017-08-22,5.75,2131500,5069000,2.378
2017-08-24,5.98,2131500,5933000,2.783
2017-08-25,5.93,2236500,4716000,2.109
2017-08-29,6.07,2131500,4742000,2.225
2017-08-30,6.02,2428500,8112000,3.34
2017-08-31,5.91,2131500,5470000,2.566
2017-09-01,5.88,4473000,10926000,2.443
2017-09-04,5.8,4261500,11557000,2.712
2017-09-05,6.04,4261500,14312000,3.358
2017-09-08,6.9,4473000,11003000,2.46
2017-09-11,6.8,5329500,12599000,2.364
2017-09-12,6.65,5329500,10178000,1.91
2017-09-13,6.95,4857000,12608000,2.596
2017-09-14,7.42,5329500,12534000,2.352
2017-09-15,6.96,4473000,12785000,2.858
2017-09-18,6.85,5319000,13158000,2.474
2017-09-19,6.95,4261500,11641500,2.732
2017-09-21,6.68,4261500,11624000,2.728
2017-09-22,6.5,4473000,11156000,2.494
2017-09-25,6.8,4261500,9741000,2.286
2017-09-26,6.97,4261500,12582000,2.952
2017-09-27,6.75,4857000,14105000,2.904
2017-09-28,6.83,4261500,11187000,2.625
2017-09-29,7.09,4473000,12007000,2.684
2017-10-02,7.0,4261500,10584000,2.484
2017-10-05,6.92,4261500,10958000,2.571
2017-10-06,6.77,4473000,9145000,2.044
2017-10-09,6.92,4261500,12525000,2.939
2017-10-10,6.9,4261500,11772000,2.762
2017-10-11,7.4,4857000,11703000,2.41
2017-10-12,7.37,4261500,12344000,2.897
2017-10-13,7.3,4473000,9001500,2.012
2017-10-16,7.25,4261500,10843000,2.544
2017-10-17,7.45,4261500,12942000,3.037
2017-10-19,7.86,4261500,14135000,3.317
2017-10-20,7.56,4473000,10363500,2.317
2017-10-23,7.43,4261500,11762500,2.76
2017-10-24,7.41,4261500,10613000,2.49
2017-10-25,7.41,4857000,12064000,2.484
2017-10-26,7.46,4261500,13887000,3.259
2017-10-27,7.25,4473000,10205000,2.281
2017-10-30,7.15,4261500,10380500,2.436
2017-10-31,7.11,4261500,10742000,2.521
2017-11-02,7.52,4261500,10798500,2.534
2017-11-06,7.91,4261500,12541000,2.943
2017-11-07,7.89,4261500,10217500,2.398
2017-11-08,7.62,4857000,10731000,2.209
2017-11-09,7.79,4261500,8927500,2.095
2017-11-10,7.35,5591500,12030500,2.152
2017-11-13,7.26,4261500,12439500,2.919
2017-11-14,7.26,4261500,12947000,3.038
2017-11-16,7.68,4261500,11557000,2.712
2017-11-17,7.43,5591500,11519000,2.06
2017-11-20,7.32,4261500,10730500,2.518
2017-11-21,7.51,4261500,9355000,2.195
2017-11-22,7.46,4857000,11334000,2.334
2017-11-23,7.37,4261500,10865000,2.55
2017-11-24,7.7,5591000,10453500,1.87
2017-11-27,7.69,4261500,9933500,2.331
2017-11-28,7.59,4261500,9331000,2.19
2017-11-30,7.6,4261500,10683500,2.507
2017-12-01,7.5,5591000,12187000,2.18
2017-12-04,7.63,4261500,10901500,2.558
2017-12-05,7.49,4261500,10841500,2.544
2017-12-06,7.38,4855000,9786000,2.016
2017-12-07,7.23,4261500,9863000,2.314
2017-12-08,7.24,4473000,7482500,1.673
2017-12-11,7.1,4261500,10603500,2.488
2017-12-12,7.37,4261500,10769500,2.527
2017-12-14,6.96,4273000,11164500,2.613
2017-12-15,7.07,4481000,12646500,2.822
2018-01-08,7.83,4213000,10605500,2.517
2018-01-09,7.68,4213000,10304500,2.446
2018-01-11,7.89,4213000,10817500,2.568
2018-01-12,7.79,4360000,10656500,2.444
2018-01-15,7.72,4213000,8226500,1.953
2018-01-16,7.77,4213000,8603500,2.042
2018-01-17,7.99,3547000,14310500,4.035
2018-01-18,8.26,4213000,10540000,2.502
2018-01-19,8.6,4360000,10069000,2.309
2018-01-22,8.7,4213000,8426500,2.0
2018-01-23,8.88,4213000,11221000,2.663
2018-01-25,9.34,4213000,10515500,2.496
2018-01-26,9.02,4360000,11225000,2.575
2018-01-29,9.06,4213000,8635500,2.05
2018-01-30,8.86,4213000,10190500,2.419
2018-01-31,8.78,3547000,10216000,2.88
2018-02-01,9.37,4213000,9504000,2.256
2018-02-02,9.04,4360000,9153000,2.099
2018-02-05,8.66,4213000,13367000,3.173
2018-02-06,8.84,4213000,7552000,1.793
2018-02-08,8.93,4213000,10197000,2.42
2018-02-09,8.97,4360000,12312000,2.824
2018-02-12,9.08,4213000,14598000,3.465
2018-02-13,9.53,4213000,16307000,3.871
2018-02-14,9.88,3547000,10755000,3.032
2018-02-15,9.64,4213000,11882500,2.82
2018-02-16,9.53,4360000,8971500,2.058
2018-02-19,9.58,4213000,7506500,1.782
2018-02-20,9.7,4213000,8768000,2.081
2018-02-22,9.56,4213000,9103500,2.161
2018-02-23,9.68,4360000,9676000,2.219
2018-02-26,9.56,4213000,10684000,2.536
2018-02-27,9.54,4213000,10512000,2.495
2018-02-28,9.99,3547000,11844000,3.339
2018-03-01,9.92,4213000,9275000,2.202
2018-03-02,9.89,4360000,11014500,2.526
2018-03-05,10.05,4213000,10836000,2.572
2018-03-06,10.28,4213000,12324000,2.925
2018-03-08,10.77,4213000,20050000,4.759
2018-03-09,11.1,4360000,10489500,2.406
2018-03-12,11.32,4213000,10309000,2.447
2018-03-13,11.03,4213000,11232500,2.666
2018-03-14,11.25,3547000,8020000,2.261
2018-03-15,11.09,4213000,8213000,1.949
2018-03-16,10.97,4360000,7213500,1.654
2018-03-19,10.96,4213000,10814500,2.567
2018-03-20,11.17,4213000,14876000,3.531
2018-03-22,12.54,4213000,11394000,2.704
2018-03-23,12.37,4360000,8581500,1.968
2018-03-26,12.8,4213000,8273000,1.964
2018-03-27,13.26,4213000,7172500,1.702
2018-03-28,14.05,3547000,7936500,2.238
2018-04-03,12.9,5271500,7927000,1.504
2018-04-05,12.65,5267000,8582500,1.629
2018-04-06,12.68,4360000,8181000,1.876
2018-04-09,12.96,5264500,8671000,1.647
2018-04-10,13.1,5262000,7622500,1.449
2018-04-11,13.55,3547000,7349000,2.072
2018-04-12,13.15,4213000,6862500,1.629
2018-04-13,13.8,4360000,7123500,1.634
2018-04-16,13.84,4213000,9794000,2.325
2018-04-17,13.82,4213000,8146500,1.934
2018-04-19,13.99,4213000,9429500,2.238
2018-04-20,13.05,4360000,6144000,1.409
2018-04-23,12.75,4213000,7540000,1.79
2018-04-24,12.73,4213000,8156000,1.936
2018-04-25,13.09,3547000,9233000,2.603
2018-04-26,13.39,4213000,10506000,2.494
2018-04-27,13.28,4360000,7897500,1.811
2018-04-30,13.35,4213000,7909500,1.877
2018-05-03,12.77,4213000,7962000,1.89
2018-05-04,12.78,4360000,8570500,1.966
2018-05-08,13.51,4213000,14772500,3.506
2018-05-09,13.92,3547000,6639500,1.872
2018-05-14,14.2,4213000,7318500,1.737
2018-05-15,14.7,4213000,6876000,1.632
2018-05-17,15.05,4213000,11416500,2.71
2018-05-18,15.2,4360000,10486500,2.405
2018-05-22,15.88,4213000,11573500,2.747
2018-05-23,15.81,3547000,7680500,2.165
2018-05-24,16.23,4213000,9858000,2.34
2018-05-25,15.89,4360000,7417000,1.701
2018-05-29,16.25,4213000,12022000,2.854
2018-05-31,15.4,4213000,9557000,2.268
2018-06-01,14.9,4360000,10703500,2.455
2018-06-04,15.28,4213000,8332000,1.978
2018-06-05,16.35,4213000,9623000,2.284
2018-06-06,15.7,3547000,8210000,2.315
2018-06-07,16.14,4213000,9763000,2.317
2018-06-08,15.78,4360000,7720000,1.771
2018-06-11,15.7,4213000,8561500,2.032
2018-06-12,15.08,4213000,6868500,1.63
2018-06-14,15.44,4213000,9578500,2.274
2018-06-15,14.62,4360000,7322000,1.679
2018-06-18,14.52,4213000,8538000,2.027
2018-06-19,14.35,4213000,9220000,2.188
2018-06-20,14.43,3547000,10172000,2.868
2018-06-21,14.2,4213000,10521000,2.497
2018-06-22,14.78,4360000,15051000,3.452
2018-06-25,15.03,4213000,12908000,3.064
2018-06-26,14.86,4213000,9943000,2.36
2018-06-28,15.22,4213000,9422000,2.236
2018-06-29,14.85,4360000,11649500,2.672
2018-07-02,14.95,4213000,14845000,3.524
2018-07-03,15.15,4213000,15773000,3.744
2018-07-04,15.35,3547000,16626000,4.687
2018-07-05,15.4,4213000,13926000,3.305
2018-07-06,15.55,4360000,11301000,2.592
2018-07-09,15.85,4213000,14212000,3.373
2018-07-10,16.15,4213000,14127000,3.353
2018-07-12,16.22,4213000,12078000,2.867
2018-07-13,15.8,4360000,11205000,2.57
2018-07-16,16.14,4213000,15341500,3.641
2018-07-17,15.87,4213000,14655500,3.479
2018-07-18,16.17,3547000,13980500,3.941
2018-07-19,16.46,4213000,9157500,2.174
2018-07-20,16.9,4360000,12549500,2.878
2018-07-23,17.2,4213000,12737500,3.023
2018-07-24,17.45,4213000,14353000,3.407
2018-07-26,16.99,4213000,11919000,2.829
2018-07-27,16.91,4360000,12707500,2.915
2018-07-30,16.9,4213000,12675500,3.009
2018-07-31,16.87,4213000,11564000,2.745
2018-08-01,17.38,1773500,11632000,6.559
2018-08-02,17.58,2104000,11568000,5.498
2018-08-03,17.62,2180000,8981000,4.12
2018-08-06,17.62,2104000,9894000,4.702
2018-08-07,17.47,2104000,11007000,5.231
2018-08-09,17.47,2104000,10517000,4.999
2018-08-10,17.72,2180000,10394000,4.768
2018-08-13,17.93,2104000,9144000,4.346
2018-08-14,18.03,2104000,10427000,4.956
2018-08-16,18.0,2104000,6732000,3.2
2018-08-17,18.1,2180000,6075000,2.787
2018-08-20,18.2,2104000,8032500,3.818
2018-08-21,18.55,2104000,6498500,3.089
2018-08-23,20.05,2104000,6954000,3.305
2018-08-24,20.55,2180000,7013000,3.217
2018-08-28,21.3,2104000,4663500,2.216
2018-08-29,20.9,1773500,6344500,3.577
2018-08-30,21.09,2104000,5506000,2.617
2018-08-31,21.11,2180000,5771000,2.647
2018-09-03,20.45,4213000,7207000,1.711
2018-09-04,20.5,4213000,9008000,2.138
2018-09-07,22.51,4360000,17537000,4.022
2018-09-10,24.85,4213000,17032000,4.043
2018-09-11,24.15,4213000,10756000,2.553
2018-09-12,23.55,3547000,12831000,3.617
2018-09-13,21.9,4213000,13508000,3.206
2018-09-14,19.51,4360000,15881000,3.642
2018-09-17,20.6,4213000,14636500,3.474
2018-09-18,20.75,4213000,15323500,3.637
2018-09-20,21.8,4213000,7281000,1.728
2018-09-24,22.39,4213000,7629500,1.811
2018-09-25,21.9,4213000,7843500,1.862
2018-09-26,20.4,3547000,6582000,1.856
2018-09-27,19.87,4213000,8360000,1.984
2018-09-28,20.3,5450000,10844500,1.99
2018-10-01,20.7,4213000,11345500,2.693
2018-10-02,21.45,4213000,11380500,2.701
2018-10-04,21.15,4213000,10673500,2.533
2018-10-05,21.14,5450000,16381500,3.006
2018-10-08,22.09,4213000,7037000,1.67
2018-10-09,21.32,4213000,6980500,1.657
2018-10-10,20.7,3547000,7855500,2.215
2018-10-11,18.57,4213000,20896500,4.96
2018-10-12,19.95,5450000,22112000,4.057
2018-10-15,20.03,4213000,7241500,1.719
2018-10-16,17.9,4213000,6613500,1.57
2018-10-18,18.53,4213000,14589000,3.463
2018-10-19,19.17,5450000,10025000,1.839
2018-10-22,19.1,4213000,16320000,3.874
2018-10-23,18.5,4213000,17999500,4.272
2018-10-24,19.1,3547000,14635500,4.126
2018-10-25,18.72,4213000,18889000,4.484
2018-10-26,18.98,4360000,17296000,3.967
2018-10-29,17.91,4213000,7230000,1.716
2018-10-30,16.87,4213000,15192000,3.606
2018-11-01,15.85,4213000,7962000,1.89
2018-11-02,16.15,4360000,14662500,3.363
2018-11-05,16.4,4213000,5126000,1.217
2018-11-06,16.99,4213000,9206500,2.185
2018-11-07,18.25,3547000,7528500,2.122
2018-11-08,19.56,4213000,7625500,1.81
2018-11-09,19.25,4360000,8015000,1.838
2018-11-12,20.01,4213000,6121000,1.453
2018-11-13,19.76,4213000,6410500,1.522
2018-11-15,18.46,4213000,6411500,1.522
2018-11-19,18.43,4213000,6756000,1.604
2018-11-20,19.4,4213000,8191500,1.944
2018-11-21,19.84,3547000,8766500,2.472
2018-11-22,20.3,4213000,11880500,2.82
2018-11-26,19.71,4213000,8860500,2.103
2018-11-27,19.77,4213000,10697000,2.539
2018-11-29,19.35,4213000,13420000,3.185
2018-12-03,20.52,4213000,10568000,2.508
2018-12-04,20.35,4213000,10877000,2.582
2018-12-05,20.21,3543000,7442500,2.101
2018-12-06,18.55,4213000,13720500,3.257
2018-12-10,19.77,4213000,6981500,1.657
2018-12-11,20.77,4213000,10562000,2.507
2018-12-13,21.88,4213000,8969000,2.129
2018-12-17,23.4,4148000,7856000,1.894
2019-01-07,23.01,2495000,6006000,2.407
2019-01-08,22.4,2495000,4859500,1.948
2019-01-10,21.4,2495000,5808500,2.328
2019-01-14,21.95,2495000,5854000,2.346
2019-01-15,22.55,2495000,6176000,2.475
2019-01-16,22.72,4428500,10328000,2.332
2019-01-17,23.55,2495000,7229000,2.897
2019-01-21,24.22,2495000,4845000,1.942
2019-01-22,24.42,2495000,4668000,1.871
2019-01-24,24.6,2495000,6014000,2.41
2019-01-28,23.01,2495000,5533000,2.218
2019-01-29,22.43,2495000,5526000,2.215
2019-01-30,22.91,4428500,9436000,2.131
2019-01-31,22.3,2495000,5707000,2.287
2019-02-01,21.38,3209000,9213000,2.871
2019-02-04,21.38,2495000,6482000,2.598
2019-02-05,22.93,2495000,5152000,2.065
2019-02-07,23.8,2495000,6086000,2.439
2019-02-08,23.28,3209000,4977000,1.551
2019-02-11,21.8,2495000,4508000,1.807
2019-02-12,21.71,2495000,5631500,2.257
2019-02-13,20.01,4428500,6954500,1.57
2019-02-14,20.86,2495000,6360000,2.549
2019-02-15,19.99,3209000,5913500,1.843
2019-02-18,20.14,2495000,6886000,2.76
2019-02-19,20.26,2495000,7700500,3.086
2019-02-21,19.85,2495000,7611500,3.051
2019-02-22,18.35,3209000,6307000,1.965
2019-02-25,18.62,2495000,6033500,2.418
2019-02-26,19.6,2495000,7708500,3.09
2019-02-27,20.31,4428500,7262500,1.64
2019-02-28,20.9,2495000,5359500,2.148
2019-03-01,21.31,3209000,6078000,1.894
2019-03-04,22.12,2495000,4256500,1.706
2019-03-05,22.86,2495000,4394500,1.761
2019-03-07,22.03,2495000,3750500,1.503
2019-03-08,22.88,3209000,5869500,1.829
2019-03-11,22.6,2495000,4390500,1.76
2019-03-12,22.48,2495000,4066000,1.63
2019-03-13,21.99,4428500,9259000,2.091
2019-03-14,22.23,2495000,4243500,1.701
2019-03-15,22.77,3209000,4961500,1.546
2019-03-18,21.5,2495000,4667000,1.871
2019-03-19,21.35,2495000,4678000,1.875
2019-03-21,21.1,2495000,4971000,1.992
2019-03-22,20.64,3209000,5563500,1.734
2019-03-25,20.6,2495000,6735500,2.7
2019-03-26,21.17,2495000,5568500,2.232
2019-03-27,21.45,4428500,7093000,1.602
2019-03-28,21.55,2495000,4049500,1.623
2019-03-29,21.83,3209000,5887500,1.835
2019-04-01,21.06,2495000,4418500,1.771
2019-04-02,21.4,2495000,6655000,2.667
2019-04-04,23.65,2495000,4015500,1.609
2019-04-05,24.17,3209000,5076500,1.582
2019-04-08,24.07,2495000,5133500,2.058
2019-04-09,25.2,2495000,6585000,2.639
2019-04-10,26.21,4428500,6978000,1.576
2019-04-11,25.88,2495000,4638500,1.859
2019-04-12,26.72,3209000,4489500,1.399
2019-04-15,27.0,2495000,5638000,2.26
2019-04-16,26.8,2495000,6063000,2.43
2019-04-18,26.92,2495000,4867000,1.951
2019-04-23,27.17,2495000,4636000,1.858
2019-04-24,27.02,4428500,6547000,1.478
2019-04-25,27.46,2495000,5007000,2.007
2019-04-26,26.79,3209000,4462500,1.391
2019-04-29,25.81,2495000,3061500,1.227
2019-04-30,25.85,2495000,5831500,2.337
2019-05-02,25.04,2495000,4919000,1.972
2019-05-03,24.32,3209000,5766500,1.797
2019-05-07,25.65,2495000,4227000,1.694
2019-05-08,25.82,4428500,9347000,2.111
2019-05-09,26.81,2495000,4863500,1.949
2019-05-10,26.35,3209000,5234000,1.631
2019-05-13,25.25,2495000,4412500,1.769
2019-05-14,25.03,2495000,4750500,1.904
2019-05-16,25.81,2495000,4058500,1.627
2019-05-17,25.01,3209000,5467000,1.704
2019-05-20,24.91,2495000,6123000,2.454
2019-05-21,25.01,2495000,5328000,2.135
2019-05-22,25.4,4428500,9305500,2.101
2019-05-23,26.05,2495000,4540500,1.82
2019-05-24,25.61,3209000,5282000,1.646
2019-05-28,25.3,2495000,5199000,2.084
2019-06-03,23.96,2775500,4395000,1.583
2019-06-04,23.86,2775500,4441500,1.6
2019-06-05,24.42,4428500,7045000,1.591
2019-06-06,24.07,2775500,5185000,1.868
2019-06-07,24.24,3209000,5409500,1.686
2019-06-11,25.12,2775500,5303500,1.911
2019-06-13,24.92,2775500,4827500,1.739
2019-06-14,24.67,3209000,4763500,1.484
2019-06-17,24.78,2775500,4214000,1.518
2019-06-18,24.98,2775500,5587000,2.013
2019-06-19,24.98,4428500,7328000,1.655
2019-06-20,24.86,2775500,5346500,1.926
2019-06-21,24.87,3209000,5400500,1.683
2019-06-24,25.64,2775500,4500000,1.621
2019-06-27,27.1,3469000,8037500,2.317
2019-06-28,26.4,3209000,7318000,2.28
2019-07-01,26.72,3469000,7253500,2.091
2019-07-02,27.22,3469000,8486500,2.446
2019-07-03,26.33,4428500,7821500,1.766
2019-07-04,26.22,3470500,7123500,2.053
2019-07-05,25.84,3209000,7334500,2.286
2019-07-08,26.6,2775500,5459500,1.967
2019-07-09,26.68,2775500,7321500,2.638
2019-07-11,28.5,2775500,8744500,3.151
2019-07-12,28.25,3209000,8064500,2.513
2019-07-15,29.15,2775500,5191500,1.87
2019-07-16,29.1,2775000,4029500,1.452
2019-07-17,27.97,4428500,5934000,1.34
2019-07-18,27.99,2775000,4471500,1.611
2019-07-19,28.15,3209000,6461000,2.013
2019-07-22,28.96,2775000,3675500,1.325
2019-07-23,29.05,2775000,7307000,2.633
2019-07-25,29.46,2775000,6613000,2.383
2019-07-26,28.51,3209000,5547000,1.729
2019-07-29,28.8,2775000,5290000,1.906
2019-07-30,28.18,2775000,5881500,2.119
2019-07-31,28.04,4428500,8722500,1.97
2019-08-01,28.9,1387500,4658500,3.357
2019-08-02,29.1,1604500,4604000,2.869
2019-08-05,28.82,1387500,3622500,2.611
2019-08-06,28.48,1387500,4948500,3.566
2019-08-08,28.68,1387500,4059500,2.926
2019-08-09,28.37,1604500,3705500,2.309
2019-08-12,27.7,1387500,4130000,2.977
2019-08-13,27.1,1387500,3944500,2.843
2019-08-14,27.15,2214500,3709500,1.675
2019-08-15,26.41,1387500,2806500,2.023
2019-08-16,26.12,1604500,4579000,2.854
2019-08-19,26.25,1387500,4065500,2.93
2019-08-20,26.94,1387500,3437000,2.477
2019-08-22,25.78,1387500,3994500,2.879
2019-08-23,25.33,1604500,2953000,1.84
2019-08-27,25.25,1387500,2835500,2.044
2019-08-28,26.0,2214500,4482500,2.024
2019-08-29,25.93,1505500,3087000,2.05
2019-08-30,26.8,1604500,3501000,2.182
2019-09-02,25.4,2744500,4761500,1.735
2019-09-03,24.82,2744500,5576500,2.032
2019-09-06,25.46,2834500,8087500,2.853
2019-09-09,25.01,2744500,5471500,1.994
2019-09-10,25.5,2744500,4993500,1.819
2019-09-11,26.68,4714500,6153500,1.305
2019-09-12,26.55,2744500,5089500,1.854
2019-09-13,26.22,2834500,5116000,1.805
2019-09-16,26.58,2744500,4616500,1.682
2019-09-17,26.75,2744500,5769500,2.102
2019-09-19,25.56,2744500,5937000,2.163
2019-09-20,26.17,2834500,3900000,1.376
2019-09-23,25.93,2744500,4532000,1.651
2019-09-24,25.59,2744500,4897500,1.784
2019-09-25,25.17,4714500,7782000,1.651
2019-09-26,25.21,2744500,4737500,1.726
2019-09-27,25.3,2834500,4796500,1.692
2019-09-30,25.03,2744500,4298500,1.566
2019-10-01,24.4,2744500,3986000,1.452
2019-10-03,24.03,2744500,6749500,2.459
2019-10-04,23.41,2834500,4171500,1.472
2019-10-07,22.77,2744500,4780000,1.742
2019-10-08,23.37,2744500,5633500,2.053
2019-10-09,22.16,4714500,8219000,1.743
2019-10-10,22.83,2744500,5672000,2.067
2019-10-11,23.62,2834500,4516500,1.593
2019-10-14,23.82,2744500,4946500,1.802
2019-10-15,24.48,2744500,4501000,1.64
2019-10-17,25.96,2744500,6533000,2.38
2019-10-18,25.64,2834500,4343000,1.532
2019-10-21,25.9,2744500,3878500,1.413
2019-10-22,25.7,2744500,6301500,2.296
2019-10-23,25.09,4714500,7667000,1.626
2019-10-24,24.61,2744500,4239500,1.545
2019-10-25,24.86,2834500,4146000,1.463
2019-10-28,24.68,2744000,4270500,1.556
2019-10-29,25.4,2744000,5253500,1.915
2019-10-31,25.95,2744000,4333500,1.579
2019-11-01,25.71,2834500,5144000,1.815
2019-11-04,24.93,2744000,4806500,1.752
2019-11-05,25.8,2744000,4482500,1.634
2019-11-06,25.1,4714500,8190500,1.737
2019-11-07,24.86,2744000,5027500,1.832
2019-11-08,24.62,2834500,6297500,2.222
2019-11-11,25.21,2744000,4884500,1.78
2019-11-12,24.95,2744000,4525000,1.649
2019-11-14,24.28,2744000,5342500,1.947
2019-11-15,23.41,2834500,4691000,1.655
2019-11-18,23.41,2744000,5689000,2.073
2019-11-19,23.62,2744000,5216000,1.901
2019-11-20,23.34,4714500,8406000,1.783
2019-11-21,23.96,2744000,4156500,1.515
2019-11-22,24.32,2834500,4141500,1.461
2019-11-25,24.52,2744000,4337500,1.581
2019-11-26,24.29,2744000,4322000,1.575
2019-11-28,24.91,2744000,3432000,1.251
2019-11-29,25.03,2834500,4833500,1.705
2019-12-02,24.62,2744000,4298500,1.567
2019-12-03,24.41,2744000,4858000,1.77
2019-12-04,24.1,4717500,9654000,2.046
2019-12-05,24.5,2744000,5354000,1.951
2019-12-06,24.7,2834500,4825000,1.702
2019-12-09,24.4,2744000,5004000,1.824
2019-12-10,24.98,2744000,5103000,1.86
2019-12-12,24.62,2744000,6226500,2.269
2019-12-13,25.33,2840000,4827000,1.7
2019-12-16,24.21,3013000,5333000,1.77
2020-01-07,24.06,2717500,4118000,1.515
2020-01-09,24.01,2717500,5076000,1.868
2020-01-10,24.48,2363000,4342500,1.838
2020-01-13,24.03,2717500,6021000,2.216
2020-01-14,23.74,2717500,5334500,1.963
2020-01-15,24.2,5332000,9376500,1.759
2020-01-16,24.85,2717500,5649500,2.079
2020-01-17,25.01,2363000,5888000,2.492
2020-01-20,25.6,2717500,4293000,1.58
2020-01-21,25.1,2717500,4855500,1.787
2020-01-23,24.65,2717500,5051000,1.859
2020-01-24,24.48,2363000,4684500,1.982
2020-01-27,24.04,2717500,5558000,2.045
2020-01-28,24.55,2717500,5561000,2.046
2020-01-29,24.04,5332000,6415000,1.203
2020-01-30,23.74,2717500,5634000,2.073
2020-01-31,23.48,2363000,4686500,1.983
2020-02-03,23.2,2717500,5513500,2.029
2020-02-04,23.33,2717500,6468500,2.38
2020-02-06,23.4,2717500,5482000,2.017
2020-02-07,23.17,2363000,5347500,2.263
2020-02-10,22.91,2717500,7666000,2.821
2020-02-11,23.15,2717500,6105000,2.247
2020-02-12,23.35,5332000,12899500,2.419
2020-02-13,23.52,2717500,6832000,2.514
2020-02-14,24.27,2363000,5701000,2.413
2020-02-17,24.11,2717500,5271500,1.94
2020-02-18,24.8,2717500,5079000,1.869
2020-02-20,25.5,2717500,5093000,1.874
2020-02-21,25.15,2363000,4871500,2.062
2020-02-24,24.64,2717500,5767000,2.122
2020-02-25,24.32,2717500,5823500,2.143
2020-02-26,23.85,5332000,11155000,2.092
2020-02-27,23.8,2717500,6292500,2.316
2020-02-28,23.46,2363000,6251500,2.646
2020-03-02,23.96,2717500,4905000,1.805
2020-03-03,23.26,2717500,5510000,2.028
2020-03-05,23.9,2717500,5119000,1.884
2020-03-06,23.36,2363000,4918000,2.081
2020-03-09,22.65,2717500,5610500,2.065
2020-03-10,23.76,2717500,5917000,2.177
2020-03-11,23.63,5332000,10783000,2.022
2020-03-12,22.85,2717500,8527000,3.138
2020-03-13,22.78,2363000,5448500,2.306
2020-03-16,20.64,2717500,6448000,2.373
2020-03-19,16.03,3396500,5882500,1.732
2020-03-20,16.35,2363000,4469500,1.891
2020-03-23,14.6,3396500,6436500,1.895
2020-03-24,16.25,3396500,5893000,1.735
2020-03-25,16.95,5332000,6140500,1.152
2020-03-26,16.3,3398000,5515000,1.623
2020-03-27,16.55,2363000,5144000,2.177
2020-03-30,16.32,2717500,4768000,1.755
2020-03-31,17.4,2717500,4558000,1.677
2020-04-02,17.52,2717500,5374500,1.978
2020-04-03,17.9,2363000,4096000,1.733
2020-04-06,18.36,2717500,4228000,1.556
2020-04-07,21.11,2717500,5819000,2.141
2020-04-08,20.07,5332000,8065000,1.513
2020-04-09,21.4,2717500,4061000,1.494
2020-04-14,20.17,2717500,4109500,1.512
2020-04-16,20.1,2717500,5001500,1.84
2020-04-17,21.87,2363000,4634500,1.961
2020-04-20,21.24,2717000,4870000,1.792
2020-04-21,20.4,2717000,5784500,2.129
2020-04-22,19.75,5332000,8568500,1.607
2020-04-23,20.24,2717000,4976000,1.831
2020-04-24,20.49,2363000,4293000,1.817
2020-04-27,20.4,2717000,5275000,1.941
2020-04-28,19.99,2717000,5686000,2.093
2020-04-30,19.97,2717000,4775000,1.757
2020-05-05,19.01,2717000,2742500,1.009
2020-05-06,18.85,5332000,8747000,1.64
2020-05-07,19.0,2717000,4372500,1.609
2020-05-08,19.38,2363000,4814500,2.037
2020-05-11,18.81,2717000,3664500,1.349
2020-05-12,18.72,2717000,4205500,1.548
2020-05-14,18.37,2717000,4560000,1.678
2020-05-15,19.02,2363000,3480500,1.473
2020-05-18,19.3,2717000,4627500,1.703
2020-05-19,20.02,2717000,5094500,1.875
2020-05-20,20.11,5332000,7645000,1.434
2020-05-26,21.45,2717000,4861000,1.789
2020-05-28,20.95,2717000,5482000,2.018
2020-05-29,21.7,2363000,4316500,1.827
2020-06-02,21.15,2717000,5109000,1.88
2020-06-03,21.98,5332000,7348500,1.378
2020-06-04,21.77,2717000,4219000,1.553
2020-06-05,22.5,2363000,4494000,1.902
2020-06-08,22.66,2717000,3659500,1.347
2020-06-09,22.3,2717000,4419000,1.626
2020-06-11,22.2,2717000,5322000,1.959
2020-06-12,22.15,2363000,5034000,2.13
2020-06-15,21.8,2717000,4753000,1.749
2020-06-16,22.87,2717000,4618000,1.7
2020-06-17,22.81,5332000,7332000,1.375
2020-06-18,23.63,2717000,4576000,1.684
2020-06-19,24.18,2363000,3736500,1.581
2020-06-22,24.15,2717000,4555000,1.676
2020-06-23,24.85,2717000,3337000,1.228
2020-06-25,25.15,2717000,5385000,1.982
2020-06-26,24.9,2363000,2750500,1.164
2020-06-29,24.74,2717000,4761000,1.752
2020-06-30,25.99,2717000,4550000,1.675
2020-07-01,26.88,5332000,9905000,1.858
2020-07-02,27.25,2717000,5065000,1.864
2020-07-03,27.0,2363000,4815500,2.038
2020-07-06,28.86,2717000,4590500,1.69
2020-07-07,29.34,2717000,5459000,2.009
2020-07-09,28.48,2717000,3226500,1.188
2020-07-10,27.66,2363000,2977000,1.26
2020-07-13,30.04,2717000,3719500,1.369
2020-07-14,29.2,2717000,4516000,1.662
2020-07-15,29.81,5332000,6180000,1.159
2020-07-16,28.13,3594000,4475500,1.245
2020-07-17,26.85,2363000,5567000,2.356
2020-07-20,26.85,3594000,5513500,1.534
2020-07-21,26.34,3594000,4724500,1.315
2020-07-23,26.76,3594000,7379500,2.053
2020-07-24,26.57,2363000,3896500,1.649
2020-07-27,25.53,3594000,5213500,1.451
2020-07-28,25.03,3594000,5462000,1.52
2020-07-29,25.96,5332000,8309000,1.558
2020-07-30,25.34,3594000,5038000,1.402
2020-07-31,26.3,2363000,4969500,2.103
2020-08-03,25.81,1797000,3131500,1.743
2020-08-04,25.95,1797000,3511500,1.954
2020-08-06,26.95,1797000,3896000,2.168
2020-08-07,26.16,1181500,2626500,2.223
2020-08-10,26.92,1797000,4055500,2.257
2020-08-11,26.71,1797000,3065000,1.706
2020-08-12,25.55,2666000,4574000,1.716
2020-08-13,25.94,1797000,3997500,2.225
2020-08-14,25.25,1181500,2265000,1.917
2020-08-17,25.42,1797000,3617500,2.013
2020-08-18,26.05,1797000,4303500,2.395
2020-08-20,25.7,1797000,3778000,2.102
2020-08-21,25.36,1181500,3094000,2.619
2020-08-24,26.6,1797000,3446000,1.918
2020-08-25,27.33,1797000,2813000,1.565
2020-08-26,28.42,2668500,5007500,1.877
2020-08-27,28.03,1901000,3857000,2.029
2020-08-28,29.5,1187000,2331000,1.964
2020-09-01,28.28,3952000,7145000,1.808
2020-09-04,28.8,2593000,5063500,1.953
2020-09-07,26.9,3952000,6105000,1.545
2020-09-08,27.25,3952000,5937000,1.502
2020-09-09,26.45,6398500,11583500,1.81
2020-09-10,27.46,3952000,7576000,1.917
2020-09-11,28.05,2593000,4600000,1.774
2020-09-14,28.66,3952000,7069500,1.789
2020-09-15,29.99,3952000,5691500,1.44
2020-09-17,29.1,3952000,6195500,1.568
2020-09-18,28.36,2593000,4171500,1.609
2020-09-21,27.12,3952000,5330000,1.349
2020-09-22,26.75,3952000,6674500,1.689
2020-09-23,27.31,6398500,9460500,1.479
2020-09-24,26.28,3952000,6038000,1.528
2020-09-25,26.2,2593000,5050000,1.948
2020-09-28,26.28,3952000,6042500,1.529
2020-09-29,27.09,3952000,6259500,1.584
2020-10-01,26.41,3952000,6282000,1.59
2020-10-02,26.11,2593000,5749000,2.217
2020-10-05,26.79,3952000,6730000,1.703
2020-10-06,26.68,3952000,7095500,1.795
2020-10-07,27.43,6398500,9494500,1.484
2020-10-08,26.4,3952000,7075000,1.79
2020-10-09,26.0,2593000,5380000,2.075
2020-10-12,25.54,3952000,7421000,1.878
2020-10-13,25.3,3952000,6552500,1.658
2020-10-15,25.15,3952000,7146500,1.808
2020-10-16,25.46,2593000,5214500,2.011
2020-10-19,24.85,3952000,5951000,1.506
2020-10-20,24.44,3952000,5763500,1.458
2020-10-21,23.96,6398500,8018000,1.253
2020-10-22,23.6,3952000,6648500,1.682
2020-10-23,24.92,2593000,3257500,1.256
2020-10-26,24.33,3952000,6279000,1.589
2020-10-27,23.55,3952000,5633000,1.425
2020-10-29,23.07,3951500,6197000,1.568
2020-10-30,23.45,2593000,3953000,1.524
2020-11-02,23.02,3951500,6743500,1.707
2020-11-03,24.4,3951500,6515000,1.649
2020-11-04,23.99,6398500,9626500,1.504
2020-11-05,25.55,3951500,7277000,1.842
2020-11-06,25.2,2593000,6322500,2.438
2020-11-09,25.41,3951500,5359500,1.356
2020-11-10,26.47,3951500,6337000,1.604
2020-11-12,25.9,3951500,6111500,1.547
2020-11-13,26.31,2593000,4218000,1.627
2020-11-16,26.67,3951500,5799500,1.468
2020-11-17,27.12,3951500,5871000,1.486
2020-11-18,27.42,6398500,8631000,1.349
2020-11-19,26.72,3951500,5548000,1.404
2020-11-20,26.8,2593000,7079000,2.73
2020-11-23,27.25,3951500,6090000,1.541
2020-11-24,26.97,3951500,5933500,1.502
2020-11-26,27.77,3951500,6075000,1.537
2020-11-27,28.23,2593000,4269500,1.647
2020-11-30,28.82,3951500,6265000,1.585
2020-12-01,29.24,3951500,5357000,1.356
2020-12-02,28.9,6398500,9157500,1.431
2020-12-03,29.1,3951500,5509500,1.394
2020-12-04,30.0,2593000,4164000,1.606
2020-12-07,29.49,3951500,5814500,1.471
2020-12-08,29.69,3951500,6804000,1.722
2020-12-10,30.04,3951500,5872500,1.486
2020-12-11,30.45,2598500,4595500,1.769
2020-12-14,30.92,3959500,7125500,1.8
2021-01-29,33.51,2651000,4208000,1.587
2021-02-01,32.66,3288500,4779500,1.453
2021-02-02,33.2,3288500,5228500,1.59
2021-02-03,38.0,2575000,4907000,1.906
2021-02-04,36.51,3288500,4537000,1.38
2021-02-05,37.61,2651000,4492000,1.694
2021-02-08,38.62,3288500,5255000,1.598
2021-02-09,37.58,3288500,4716000,1.434
2021-02-10,37.7,2575000,4604000,1.788
2021-02-11,39.62,3288500,6223000,1.892
2021-02-12,37.8,2651000,5535500,2.088
2021-02-15,39.82,3288500,6524000,1.984
2021-02-16,40.19,3288500,5995500,1.823
2021-02-17,38.42,2575000,4700000,1.825
2021-02-18,38.01,3288500,5296000,1.61
2021-02-19,38.36,2651000,5030500,1.898
2021-02-22,36.84,3288500,5522500,1.679
2021-02-23,37.5,3288500,6132500,1.865
2021-02-24,38.42,2575000,5044500,1.959
2021-02-25,38.88,3288500,6563000,1.996
2021-02-26,37.51,2651000,4850500,1.83
2021-03-01,37.66,3288500,6185500,1.881
2021-03-02,37.25,3288500,5143000,1.564
2021-03-03,37.56,2575000,4712500,1.83
2021-03-04,36.9,3288500,5911000,1.797
2021-03-05,38.08,2651000,4160500,1.569
2021-03-08,38.41,3288500,5138500,1.563
2021-03-09,39.4,3288500,6514000,1.981
2021-03-10,41.0,2575000,5207500,2.022
2021-03-11,40.92,3288500,5497000,1.672
2021-03-12,41.52,2651000,5421000,2.045
2021-03-15,42.84,3288500,5465500,1.662
2021-03-16,41.92,3288500,5594000,1.701
2021-03-17,41.52,2575000,4365500,1.695
2021-03-18,43.35,3288500,6316000,1.921
2021-03-19,41.91,2651000,3819000,1.441
2021-03-22,41.8,3288500,5581500,1.697
2021-03-23,41.77,3288500,5449000,1.657
2021-03-24,40.94,2575000,5004000,1.943
2021-03-25,40.69,3290000,5275000,1.603
2021-03-26,40.86,2651000,4354000,1.642
2021-03-29,40.71,3288500,5112500,1.555
2021-03-30,42.25,3288500,5217500,1.587
2021-03-31,42.26,2575000,3445500,1.338
2021-04-01,42.04,3288500,4771500,1.451
2021-04-06,43.05,3288500,6185500,1.881
2021-04-07,43.63,2575000,4587000,1.781
2021-04-08,43.45,3288500,6080500,1.849
2021-04-09,43.18,2651000,4128000,1.557
2021-04-12,43.86,3288500,6103000,1.856
2021-04-13,44.1,3288500,5041500,1.533
2021-04-14,43.9,2575000,4830500,1.876
2021-04-15,43.99,3288500,5207000,1.583
2021-04-16,44.5,2651000,4618500,1.742
2021-04-19,44.66,3288500,4902000,1.491
2021-04-20,44.2,3288500,5574500,1.695
2021-04-21,44.85,2575000,3682000,1.43
2021-04-22,46.6,3288500,5532000,1.682
2021-04-23,46.41,2651000,3812500,1.438
2021-04-26,47.24,3288500,4550500,1.384
2021-04-27,46.55,3288500,5013500,1.525
2021-04-28,48.0,2575000,3797500,1.475
2021-04-29,47.25,3288500,5239500,1.593
2021-04-30,47.68,2651000,4435000,1.673
2021-05-04,49.33,3288500,4671500,1.421
2021-05-05,48.62,2575000,4005500,1.556
2021-05-06,49.45,3288500,5242000,1.594
2021-05-07,49.46,2651000,5248500,1.98
2021-05-10,51.81,3288500,5830000,1.773
2021-05-11,51.59,3288500,5115000,1.555
2021-05-12,53.95,2575000,5072500,1.97
2021-05-17,55.57,3288500,4915500,1.495
2021-05-18,55.53,3288500,4820500,1.466
2021-05-19,52.12,2575000,4200000,1.631
2021-05-20,50.84,3288500,4323500,1.315
2021-05-21,52.71,2651000,4421000,1.668
2021-05-25,53.09,3288500,4068000,1.237
2021-05-26,54.07,2575000,4608500,1.79
2021-05-27,52.11,3288500,4850000,1.475
2021-05-28,51.08,2651000,4312500,1.627
2021-06-01,52.58,3288500,4139500,1.259
2021-06-02,51.5,2575000,3932000,1.527
2021-06-03,51.9,3288500,5760500,1.752
2021-06-04,49.55,2651000,4481500,1.69
2021-06-07,48.56,3288500,5564000,1.692
2021-06-08,52.03,3288500,4174500,1.269
2021-06-09,53.7,2575000,4263000,1.656
2021-06-10,53.3,3288500,4777500,1.453
2021-06-11,53.12,2651000,4255000,1.605
2021-06-14,53.6,3288500,5661000,1.721
2021-06-15,51.18,3288500,4365500,1.328
2021-06-16,50.83,2575000,3636500,1.412
2021-06-17,50.84,3288500,4528500,1.377
2021-06-18,51.51,2651000,3749000,1.414
2021-06-21,52.09,3288500,4850500,1.475
2021-06-22,52.97,3288500,4365500,1.328
2021-06-23,53.62,2575000,3500000,1.359
2021-06-24,54.85,3288500,4999000,1.52
2021-06-25,55.69,2651000,5054000,1.906
2021-06-28,55.06,3288500,4190000,1.274
2021-06-29,55.39,3290000,4338500,1.319
2021-06-30,55.57,2575000,3242000,1.259
2021-07-01,58.01,3288500,4736000,1.44
2021-07-02,57.11,2651000,3735000,1.409
2021-07-05,57.91,3288500,4306000,1.309
2021-07-06,57.15,3288500,4737500,1.441
2021-07-07,53.98,2575000,4149500,1.611
2021-07-08,51.09,3288500,5067500,1.541
2021-07-09,53.85,2651000,4170000,1.573
2021-07-12,52.5,3288500,6396000,1.945
2021-07-13,52.44,3288500,5136000,1.562
2021-07-14,52.0,2575000,4064500,1.578
2021-07-15,52.28,3288500,4689000,1.426
2021-07-16,53.33,2651000,3771500,1.423
2021-07-19,53.55,3288500,4716500,1.434
2021-07-20,51.74,3288500,3526000,1.072
2021-07-21,51.7,2575000,3943500,1.531
2021-07-22,51.44,3288500,4444000,1.351
2021-07-23,50.13,2651000,3792500,1.431
2021-07-26,51.79,3288500,5401500,1.643
2021-07-27,52.8,3288500,4117500,1.252
2021-07-28,53.45,2575000,4487500,1.743
2021-07-29,54.02,3288500,4752500,1.445
2021-07-30,53.0,2651000,4045000,1.526
2021-08-02,54.6,1644500,2971500,1.807
2021-08-03,54.17,1644500,5322500,3.237
2021-08-04,55.0,1287500,4650000,3.612
2021-08-05,54.84,1644500,3904500,2.374
2021-08-06,56.72,1325500,2961000,2.234
2021-08-09,56.0,1644500,4329000,2.632
2021-08-10,57.1,1644500,3537500,2.151
2021-08-11,56.69,1287500,2917000,2.266
2021-08-12,57.36,1644500,3019000,1.836
2021-08-13,55.6,1325500,3612500,2.725
2021-08-16,57.18,1644500,2569000,1.562
2021-08-17,57.4,1644500,3481000,2.117
2021-08-18,57.7,1287500,2927000,2.273
2021-08-19,55.81,1644500,3135500,1.907
2021-08-20,54.4,1325500,2999000,2.263
2021-08-23,55.95,1644500,3130500,1.904
2021-08-24,55.72,1644500,2649500,1.611
2021-08-25,56.63,1300500,3291000,2.531
2021-08-26,55.61,1644500,3116500,1.895
2021-08-27,57.51,1328500,1937000,1.458
2021-08-31,60.11,1759500,3321500,1.888
2021-09-01,61.29,2066500,4214000,2.039
2021-09-03,61.25,1805000,3267500,1.81
2021-09-06,62.87,2515500,5087500,2.022
2021-09-07,61.71,2515500,3626000,1.441
2021-09-08,61.93,2066500,3857000,1.866
2021-09-09,61.98,2515500,4100500,1.63
2021-09-10,61.85,1805000,3300500,1.829
2021-09-13,61.91,2515500,3506500,1.394
2021-09-14,61.51,2515500,3808500,1.514
2021-09-15,60.32,2066500,3627500,1.755
2021-09-16,59.89,2515500,3911000,1.555
2021-09-17,59.6,1805000,2550500,1.413
2021-09-20,58.56,2524000,4125500,1.635
2021-09-21,60.31,2515500,5281000,2.099
2021-09-22,60.02,2066500,3708000,1.794
2021-09-23,59.45,2515500,3922000,1.559
2021-09-24,61.24,1805000,3308000,1.833
2021-09-27,64.0,2515500,2849000,1.133
2021-09-28,65.0,2515500,3098500,1.232
2021-09-29,61.83,2066500,2235000,1.082
2021-09-30,61.37,2515500,3819500,1.518
2021-10-01,62.04,1805000,3180500,1.762
2021-10-04,63.56,2515500,3721500,1.479
2021-10-05,63.66,2515500,3759500,1.495
2021-10-06,61.36,2066500,3111500,1.506
2021-10-07,58.99,2515500,4381000,1.742
2021-10-08,59.92,1805000,3395000,1.881
2021-10-11,59.33,2515500,4022500,1.599
2021-10-12,58.86,2515500,3878500,1.542
2021-10-13,59.63,2066500,2988500,1.446
2021-10-14,59.43,2515500,3940500,1.566
2021-10-15,61.01,1805000,3750500,2.078
2021-10-18,58.85,2515500,3974000,1.58
2021-10-19,57.58,2515500,4282500,1.702
2021-10-20,56.0,2066500,3466500,1.677
2021-10-21,57.1,2515500,4526000,1.799
2021-10-22,59.5,1805000,3484000,1.93
2021-10-25,58.94,2515500,3830000,1.523
2021-10-26,58.96,2515500,4034500,1.604
2021-10-27,58.92,2066500,3642500,1.763
2021-10-28,58.93,2515500,4541500,1.805
2021-10-29,59.4,1805000,3753500,2.08
2021-11-01,59.98,2515500,4013000,1.595
2021-11-02,57.8,2515500,4070500,1.618
2021-11-03,59.78,2066500,2829500,1.369
2021-11-04,59.81,2515500,4108500,1.633
2021-11-05,61.05,1805000,3073500,1.703
2021-11-08,60.06,2515500,3420500,1.36
2021-11-09,60.11,2515500,3121500,1.241
2021-11-10,60.25,2066500,2858000,1.383
2021-11-11,62.31,2515500,4037000,1.605
2021-11-12,63.53,1805000,3117000,1.727
2021-11-15,64.4,2515500,4180000,1.662
2021-11-16,67.5,2515500,4188000,1.665
2021-11-17,67.14,2066500,2879000,1.393
2021-11-18,66.51,2515500,3720500,1.479
2021-11-19,69.21,1805000,2883500,1.598
2021-11-22,69.7,2515500,3937000,1.565
2021-11-23,69.88,2515500,3664000,1.457
2021-11-24,69.51,2066500,2399500,1.161
2021-11-25,72.15,2515500,3083000,1.226
2021-11-26,71.95,1805000,3104000,1.72
2021-11-29,74.48,2515500,3329500,1.324
2021-11-30,74.82,2515500,3600500,1.431
2021-12-01,76.38,2066500,3410000,1.65
2021-12-02,77.1,2515500,3755000,1.493
2021-12-03,78.76,1805000,3398000,1.883
2021-12-06,80.0,2515500,4563000,1.814
2021-12-07,82.87,2515500,4083000,1.623
2021-12-08,87.45,2066500,2853000,1.381
2021-12-09,84.93,2515500,3489000,1.387
2021-12-10,79.83,1805000,2306000,1.278
2021-12-13,85.0,2515500,3697000,1.47
2021-12-14,79.99,2515500,3014500,1.198
2021-12-15,79.29,2074000,2346000,1.131
2021-12-16,80.5,2515500,3296500,1.31
2021-12-17,82.25,1807500,2606000,1.442
2021-12-20,74.57,2542500,3082000,1.212
2022-01-10,82.71,2449000,3104000,1.267
2022-01-11,81.9,2449000,3970500,1.621
2022-01-13,79.05,2449000,3136000,1.281
2022-01-14,81.52,1944000,2355500,1.212
2022-01-17,80.21,2449000,3466000,1.415
2022-01-18,79.22,2449000,3719500,1.519
2022-01-19,80.7,2658000,3996000,1.503
2022-01-20,80.8,2449000,4639500,1.894
2022-01-21,84.03,1944000,3068500,1.578
2022-01-24,85.75,2449000,3669500,1.498
2022-01-25,84.48,2449000,3813500,1.557
2022-01-27,88.51,2449000,3234000,1.321
2022-01-28,89.25,1944000,2527500,1.3
2022-01-31,88.03,2449000,2920500,1.193
2022-02-02,91.61,2658000,2991500,1.125
2022-02-03,92.65,3062000,3552500,1.16
2022-02-04,94.65,1944000,3665000,1.885
2022-02-07,93.5,3062000,4206500,1.374
2022-02-08,97.51,3062000,4735500,1.547
2022-02-10,90.6,3059000,3742000,1.223
2022-02-11,89.98,1944000,3015500,1.551
2022-02-14,90.73,2449000,2941000,1.201
2022-02-15,90.35,2449000,3005500,1.227
2022-02-16,88.05,2658000,2992000,1.126
2022-02-17,87.5,2449000,3570000,1.458
2022-02-18,87.65,1944000,3175000,1.633
2022-02-21,87.99,2449000,3855500,1.574
2022-02-22,88.4,2449000,3701500,1.511
2022-02-23,92.8,1108500,2375500,2.143
2022-02-24,88.0,2449000,3223000,1.316
2022-02-25,86.9,1944000,2743500,1.411
2022-02-28,80.92,2449000,3112000,1.271
2022-03-01,79.96,2449000,3573000,1.459
2022-03-03,63.87,2449000,5535000,2.26
2022-03-04,67.22,1944000,4908500,2.525
2022-03-07,57.91,2449000,5852500,2.39
2022-03-08,62.01,2449000,5470000,2.234
2022-03-10,70.04,2449000,6437500,2.629
2022-03-11,76.5,1944000,6001500,3.087
2022-03-14,78.6,2449000,5636000,2.301
2022-03-15,75.55,2449000,4723000,1.929
2022-03-16,75.25,3322500,6506000,1.958
2022-03-17,76.87,2449000,6609500,2.699
2022-03-18,79.21,1944000,4063500,2.09
2022-03-21,77.76,2506500,5761500,2.299
2022-03-22,79.05,2506500,4971000,1.983
2022-03-24,76.15,2507500,4753000,1.896
2022-03-25,78.5,1944000,5028000,2.586
2022-03-28,80.76,2506500,6232000,2.486
2022-03-29,80.51,2506500,5750500,2.294
2022-03-30,77.22,3322500,6254000,1.882
2022-03-31,79.25,2506500,5863500,2.339
2022-04-01,78.0,1944000,3985500,2.05
2022-04-04,77.5,2506500,6633500,2.647
2022-04-05,78.33,2506500,6060500,2.418
2022-04-07,77.13,2506500,6988000,2.788
2022-04-08,80.21,1944000,5456000,2.807
2022-04-11,79.02,2506500,5676500,2.265
2022-04-12,77.36,2506500,6079000,2.425
2022-04-13,77.27,3322500,6624500,1.994
2022-04-14,78.8,2506500,6051500,2.414
2022-04-19,79.4,2506500,5279000,2.106
2022-04-21,85.9,2506500,5188000,2.07
2022-04-22,87.4,1944000,5370500,2.763
2022-04-25,85.81,2506500,4820000,1.923
2022-04-26,83.43,2506500,5053000,2.016
2022-04-27,79.99,3322500,5904000,1.777
2022-04-28,80.55,2506500,4562500,1.82
2022-04-29,82.86,1944000,5214000,2.682
2022-05-02,82.84,2506500,6389500,2.549
2022-05-03,84.25,2506500,7303000,2.914
2022-05-05,87.8,2506500,5596000,2.233
2022-05-06,90.77,1944000,4969000,2.556
2022-05-09,90.11,2506500,5584500,2.228
2022-05-10,86.5,2506500,5591500,2.231
2022-05-11,89.0,2658000,6399000,2.407
2022-05-12,86.95,2506500,5206000,2.077
2022-05-13,88.75,1944000,4524500,2.327
2022-05-16,88.81,2506500,5679000,2.266
2022-05-17,90.33,2506500,5247000,2.093
2022-05-19,82.28,2506500,6186500,2.468
2022-05-20,81.15,1944000,5655500,2.909
2022-05-23,78.96,2506500,5732500,2.287
2022-05-24,78.88,2506500,5188000,2.07
2022-05-25,80.43,2658000,5782000,2.175
2022-05-30,83.75,2506500,6162000,2.458
2022-05-31,83.63,2506500,5465500,2.181
2022-06-07,81.69,2295500,5522000,2.406
2022-06-08,79.11,2658000,5964000,2.244
2022-06-09,80.21,2295500,5532500,2.41
2022-06-10,80.73,1944000,4595500,2.364
2022-06-13,80.1,2295500,5668000,2.469
2022-06-14,82.31,2295500,5735500,2.499
2022-06-16,85.95,2295500,5180500,2.257
2022-06-17,83.0,1944000,4873500,2.507
2022-06-20,83.51,2295500,4612500,2.009
2022-06-21,84.26,2295500,5109000,2.226
2022-06-22,83.06,2658000,4813000,1.811
2022-06-23,81.07,2295500,4041000,1.76
2022-06-24,82.9,1944000,4500500,2.315
2022-06-27,83.01,2295500,5770500,2.514
2022-06-28,84.54,2296500,5911000,2.574
2022-06-30,88.02,2295500,5914500,2.577
2022-07-01,88.22,1944000,4056500,2.087
2022-07-04,84.34,2295500,4946000,2.155
2022-07-05,83.38,2295500,5578000,2.43
2022-07-06,82.63,2658000,5634500,2.12
2022-07-07,83.36,2295500,5486500,2.39
2022-07-08,82.63,1944000,4718000,2.427
2022-07-11,83.4,2295500,5351000,2.331
2022-07-12,83.89,2295500,4977500,2.168
2022-07-14,83.0,2295500,5102500,2.223
2022-07-15,83.71,1944000,2736000,1.407
2022-07-18,83.33,2295500,4714500,2.054
2022-07-19,83.61,2295500,5050500,2.2
2022-07-20,81.22,2658000,4902000,1.844
2022-07-21,77.6,2295500,3735000,1.627
2022-07-22,78.06,1944000,4379000,2.253
2022-07-25,76.09,2295500,6461000,2.815
2022-07-26,76.51,2295500,5784500,2.52
2022-07-28,77.08,2295500,5492000,2.393
2022-07-29,77.96,1944000,4570000,2.351
2022-08-01,79.5,1146500,4318500,3.767
2022-08-02,80.51,1146500,3964500,3.458
2022-08-03,83.45,1329000,4807500,3.617
2022-08-04,83.81,1146500,3642000,3.177
2022-08-05,84.5,972000,2383000,2.452
2022-08-08,84.6,1146500,4141000,3.612
2022-08-09,84.06,1146500,4066000,3.546
2022-08-11,86.35,1146500,3863000,3.369
2022-08-12,87.3,972000,3204000,3.296
2022-08-15,89.5,1146500,3180000,2.774
2022-08-16,90.64,1146500,3591500,3.133
2022-08-17,94.07,1329000,3595500,2.705
2022-08-18,94.0,1146500,4051500,3.534
2022-08-19,96.87,972000,2810000,2.891
2022-08-22,97.5,1146500,3565500,3.11
2022-08-23,92.52,1146500,3161500,2.758
2022-08-25,89.3,1146500,3756000,3.276
2022-08-26,89.56,982000,1940000,1.976
2022-08-29,88.81,1146500,3253000,2.837
2022-08-30,85.13,1295500,3140000,2.424
2022-08-31,78.96,1334500,3447000,2.583
2022-09-01,77.01,2510500,4576500,1.823
2022-09-02,78.41,1861500,2933500,1.576
2022-09-05,73.75,2510500,5335000,2.125
2022-09-06,71.05,2510500,5663000,2.256
2022-09-09,65.21,1861500,4143000,2.226
2022-09-12,65.96,2510500,5241500,2.088
2022-09-13,70.48,2510500,4820000,1.92
2022-09-14,68.29,3101500,5838500,1.882
2022-09-15,70.84,2510500,3550500,1.414
2022-09-16,71.0,1861500,3102500,1.667
2022-09-19,71.11,2510500,6251000,2.49
2022-09-20,70.38,2510500,5304500,2.113
2022-09-21,70.39,929000,2724000,2.932
2022-09-22,69.88,2511500,4229000,1.684
2022-09-23,67.56,1861500,2958000,1.589
2022-09-26,66.02,2510500,4546500,1.811
2022-09-27,67.7,2510500,4831500,1.925
2022-09-28,64.71,3101500,4663000,1.503
2022-09-29,64.7,2510500,4296000,1.711
2022-09-30,66.87,1861500,3037500,1.632
2022-10-03,64.45,2510500,4440500,1.769
2022-10-04,66.17,2510500,3528500,1.405
2022-10-06,65.76,2510500,6652500,2.65
2022-10-07,67.52,1861500,3768500,2.024
2022-10-10,67.01,2510500,4884000,1.945
2022-10-11,66.34,2510500,5030500,2.004
2022-10-12,65.76,3101500,7662500,2.471
2022-10-13,66.65,2510500,6003500,2.391
2022-10-14,67.7,1861500,5928500,3.185
2022-10-17,66.25,2510500,5754000,2.292
2022-10-18,67.11,2510500,6788500,2.704
2022-10-20,67.01,2510500,6175500,2.46
2022-10-21,67.9,1861500,4923500,2.645
2022-10-24,68.02,2510500,5385500,2.145
2022-10-25,74.17,2510500,5010500,1.996
2022-10-26,76.51,3101500,7930500,2.557
2022-10-27,77.1,2510500,4882000,1.945
2022-10-28,80.76,1861500,4441000,2.386
2022-10-31,78.69,2510500,6271500,2.498
2022-11-01,78.76,2510500,4376500,1.743
2022-11-03,76.63,2510500,4429000,1.764
2022-11-04,78.14,1861500,4360000,2.342
2022-11-07,76.75,2510500,6263500,2.495
2022-11-08,76.02,2510500,4924000,1.961
2022-11-09,75.35,3101500,5108000,1.647
2022-11-10,71.62,2510500,5622000,2.239
2022-11-11,73.33,1861500,4295000,2.307
2022-11-14,74.85,2510500,4926000,1.962
2022-11-15,74.93,2510500,4354000,1.734
2022-11-17,73.31,2510500,4054500,1.615
2022-11-18,72.22,1861500,4667000,2.507
2022-11-21,73.36,2510500,5503000,2.192
2022-11-22,73.54,2510500,5360500,2.135
2022-11-23,74.08,3101500,7498500,2.418
2022-11-24,76.64,2510500,5707000,2.273
2022-11-25,79.36,1861500,3688000,1.981
2022-11-28,77.61,2510500,5072000,2.02
2022-11-29,78.88,2510500,5626000,2.241
2022-12-01,86.11,2510500,5094000,2.029
2022-12-02,85.21,1861500,4229000,2.272
2022-12-05,85.69,2510500,5270000,2.099
2022-12-06,86.48,2510500,5577500,2.222
2022-12-07,87.0,3102500,3691000,1.19
2022-12-08,87.91,2510500,4895000,1.95
2022-12-09,88.26,1861500,4285000,2.302
2022-12-12,88.35,2510500,5522500,2.2
2022-12-13,89.01,2510500,4993500,1.989
2022-12-15,86.16,2510500,4378500,1.744
2022-12-16,83.41,1865500,4316500,2.314
2022-12-19,84.1,2568500,3235500,1.26
2023-01-09,75.27,2409000,5528000,2.295
2023-01-10,78.61,2409000,4746000,1.97
2023-01-12,76.8,2409000,5310500,2.204
2023-01-13,76.42,1939500,4099500,2.114
2023-01-16,75.05,2409000,4485000,1.862
2023-01-17,75.04,2409000,5445000,2.26
2023-01-18,76.25,2676000,5482500,2.049
2023-01-19,82.06,2409000,5558000,2.307
2023-01-20,81.01,1939500,3200500,1.65
2023-01-23,81.52,2409000,4537500,1.884
2023-01-24,80.88,2409000,4976500,2.066
2023-01-26,83.51,2409000,4418000,1.834
2023-01-27,86.71,1939500,4815000,2.483
2023-01-30,85.2,2409000,5670000,2.354
2023-01-31,86.68,2409000,4592500,1.906
2023-02-01,91.91,2676000,4989000,1.864
2023-02-02,93.5,2409000,4896000,2.032
2023-02-03,91.15,1939500,4483000,2.311
2023-02-06,91.78,2409000,4265500,1.771
2023-02-07,87.52,2409000,4837500,2.008
2023-02-09,87.36,2409000,5984000,2.484
2023-02-10,89.7,1939500,3960500,2.042
2023-02-13,88.86,2409000,4145000,1.721
2023-02-14,89.96,2409000,5068000,2.104
2023-02-15,87.75,2676000,4761500,1.779
2023-02-16,92.85,2409000,4047000,1.68
2023-02-17,93.69,1939500,3632000,1.873
2023-02-20,93.73,2409000,5066500,2.103
2023-02-21,95.35,2409000,4925500,2.045
2023-02-23,93.26,2409000,5116000,2.124
2023-02-24,95.83,1939500,4815000,2.483
2023-02-27,95.12,2409000,5194500,2.156
2023-02-28,96.33,2409000,4744000,1.969
2023-03-01,95.89,2676000,4793000,1.791
2023-03-02,93.25,2409000,5023000,2.085
2023-03-03,88.81,1939500,4221500,2.177
2023-03-06,91.01,2409000,4995000,2.073
2023-03-07,91.56,2409000,4914500,2.04
2023-03-09,95.43,2409000,3113000,1.292
2023-03-10,95.16,1939500,4187000,2.159
2023-03-13,94.36,2409000,4318500,1.793
2023-03-14,92.34,2409000,2806000,1.165
2023-03-15,90.31,2676000,5163000,1.929
2023-03-16,83.25,2409000,4241000,1.76
2023-03-17,86.5,1939500,4831000,2.491
2023-03-20,82.46,2409000,4699000,1.951
2023-03-21,87.14,2409000,5542000,2.301
2023-03-23,88.27,2410500,4671500,1.938
2023-03-24,88.09,1939500,3889000,2.005
2023-03-27,85.18,2409000,4242500,1.761
2023-03-28,86.54,2409000,4332500,1.798
2023-03-29,87.16,2676000,4904000,1.833
2023-03-30,87.42,2409000,4550500,1.889
2023-03-31,88.61,1939500,4510000,2.325
2023-04-03,89.82,2409000,5066000,2.103
2023-04-04,94.12,2409000,4963500,2.06
2023-04-06,94.3,2409000,5388000,2.237
2023-04-11,95.52,2409000,4981000,2.068
2023-04-12,93.9,2676000,4696000,1.755
2023-04-13,90.51,2409000,4811000,1.997
2023-04-14,92.3,1939500,4574000,2.358
2023-04-17,90.55,2409000,5372000,2.23
2023-04-18,90.55,2409000,4847000,2.012
2023-04-20,90.68,2409000,4945000,2.053
2023-04-21,88.6,1939500,4217000,2.174
2023-04-24,85.7,2409000,4492500,1.865
2023-04-25,84.73,2409000,4496000,1.866
2023-04-26,83.31,2676000,5081000,1.899
2023-04-27,85.0,2409000,5339500,2.216
2023-04-28,84.0,1939500,4195000,2.163
2023-05-02,83.24,2409000,4539000,1.884
2023-05-04,82.23,2409000,5974500,2.48
2023-05-05,84.38,1939500,4584500,2.364
2023-05-08,82.99,2409000,5284500,2.194
2023-05-09,83.84,2409000,4904500,2.036
2023-05-10,85.85,2676000,6129500,2.291
2023-05-11,86.75,2409000,4453000,1.848
2023-05-12,86.67,1939500,5235000,2.699
2023-05-15,85.7,2409000,4187000,1.738
2023-05-16,85.05,2409000,4385000,1.82
2023-05-22,85.2,2409000,5437500,2.257
2023-05-23,84.32,2409000,4486000,1.862
2023-05-24,83.0,2676000,4439500,1.659
2023-05-25,81.12,2409000,4618500,1.917
2023-05-26,81.11,1939500,4559500,2.351
2023-05-30,79.79,2409000,4781500,1.985
2023-06-01,78.62,2409000,5249500,2.179
2023-06-02,78.2,1939500,4460000,2.3
2023-06-05,78.55,2409000,4760000,1.976
2023-06-06,80.07,2409000,4098000,1.701
2023-06-07,78.25,2676000,4992500,1.866
2023-06-08,81.54,2409000,4342500,1.803
2023-06-09,83.11,1939500,4144500,2.137
2023-06-12,83.45,2409000,4874500,2.023
2023-06-13,86.44,2409000,4947000,2.054
2023-06-15,91.67,2409000,4894000,2.032
2023-06-16,89.3,1939500,3927500,2.025
2023-06-19,90.16,2409000,4839000,2.009
2023-06-20,91.55,2409000,5021500,2.084
2023-06-21,90.35,2676000,4250000,1.588
2023-06-22,87.11,2409000,4468000,1.855
2023-06-23,88.9,1939500,4403500,2.27
2023-06-26,86.01,2409000,4358500,1.809
2023-06-27,85.35,2410000,4791500,1.988
2023-06-29,86.6,2409000,5100500,2.117
2023-06-30,85.31,1939500,3617000,1.865
2023-07-03,87.11,2658000,5230000,1.968
2023-07-04,85.0,2658000,4973500,1.871
2023-07-05,84.84,2676000,5310000,1.984
2023-07-06,84.18,2658000,4660500,1.753
2023-07-07,84.82,1939500,4313500,2.224
2023-07-10,85.0,2658000,5041500,1.897
2023-07-11,83.62,2658000,5353500,2.014
2023-07-13,84.25,2658000,4556000,1.714
2023-07-14,85.51,1939500,4466000,2.303
2023-07-17,84.72,2658000,4820500,1.814
2023-07-18,84.9,2658000,4956500,1.865
2023-07-19,86.03,2676000,5282000,1.974
2023-07-20,87.76,2658000,5065500,1.906
2023-07-21,89.36,1939500,4051000,2.089
2023-07-24,90.3,2658000,4735000,1.781
2023-07-25,90.25,2658000,4803500,1.807
2023-07-27,88.02,2658000,4696000,1.767
2023-07-28,87.33,1939500,3760500,1.939
2023-07-31,86.65,2658000,5808000,2.185
2023-08-01,84.69,1329000,3655000,2.75
2023-08-02,81.88,1338000,3957500,2.958
2023-08-03,83.52,1329000,4135000,3.111
2023-08-04,83.33,970000,3664000,3.777
2023-08-07,82.28,1329000,3368000,2.534
2023-08-08,81.46,1329000,3472500,2.613
2023-08-10,82.24,1329000,3767000,2.834
2023-08-11,84.2,970000,3083000,3.178
2023-08-14,85.34,1329000,3754000,2.825
2023-08-15,86.71,1329000,3692500,2.778
2023-08-16,87.01,1338000,3715500,2.777
2023-08-17,86.84,1329000,3165000,2.381
2023-08-18,86.68,970000,1945500,2.006
2023-08-21,86.0,1329000,3711500,2.793
2023-08-22,87.86,1329000,3718000,2.798
2023-08-24,85.51,1329000,2543000,1.913
2023-08-25,85.5,976500,3123500,3.199
2023-08-28,84.7,1329000,4268500,3.212
2023-08-29,84.64,1329000,3917000,2.947
2023-08-30,84.57,1344500,4140000,3.079
2023-08-31,85.52,1581500,4311000,2.726
2023-09-01,84.0,2147000,4369500,2.035
2023-09-04,83.42,3035500,6518500,2.147
2023-09-05,83.41,3035500,4699000,1.548
2023-09-08,82.09,2147000,4392000,2.046
2023-09-11,80.98,3035500,5542000,1.826
2023-09-12,80.6,3035500,6329500,2.085
2023-09-13,80.5,3347500,6091000,1.82
2023-09-14,81.69,3035500,5724500,1.886
2023-09-15,82.33,2147000,5107500,2.379
2023-09-18,80.26,3035500,4994500,1.645
2023-09-19,79.5,3035500,5366000,1.768
2023-09-21,81.78,3036500,6032500,1.987
2023-09-22,84.03,2147000,4805000,2.238
2023-09-25,83.92,3035500,5155000,1.698
2023-09-26,82.44,3035500,5304000,1.747
2023-09-27,81.37,3347500,6647500,1.986
2023-09-28,81.9,3035500,5344500,1.761
2023-09-29,81.65,2147000,4502000,2.097
2023-10-02,80.95,3035500,5372000,1.77
2023-10-03,79.17,3035500,4694500,1.547
2023-10-04,78.78,1000000,2208500,2.208
2023-10-05,80.5,3035500,5776000,1.903
2023-10-06,79.95,2147000,4423000,2.06
2023-10-09,80.43,3035500,5468500,1.802
2023-10-10,81.82,3035500,4163000,1.371
2023-10-11,82.68,3347500,5002500,1.494
2023-10-12,83.35,3035500,5352000,1.763
2023-10-13,84.61,2147000,4581000,2.134
2023-10-16,83.4,3035500,5700500,1.878
2023-10-17,81.69,3035500,5370000,1.769
2023-10-19,79.99,3035500,4627000,1.524
2023-10-20,81.19,2147000,3899500,1.816
2023-10-23,79.92,3035500,5110500,1.684
2023-10-24,80.4,3035500,5059000,1.667
2023-10-25,79.85,3347500,5425500,1.621
2023-10-26,79.48,3035500,5037500,1.66
2023-10-27,79.41,2147000,3819500,1.779
2023-10-30,79.78,3035500,4622500,1.523
2023-10-31,77.65,3035500,3949000,1.301
2023-11-02,77.88,3035500,5149000,1.696
2023-11-03,78.35,2147000,3398500,1.583
2023-11-06,76.02,3035500,3916000,1.29
2023-11-07,75.58,3035500,4095500,1.349
2023-11-08,74.56,3347500,4979000,1.487
2023-11-09,75.75,3035500,4567000,1.505
2023-11-10,76.46,2147000,3955500,1.842
2023-11-13,77.01,3035500,4521500,1.49
2023-11-14,76.62,3035500,4029000,1.327
2023-11-16,79.0,3035500,4779000,1.574
2023-11-17,76.55,2147000,3502500,1.631
2023-11-20,76.35,3035500,4490500,1.479
2023-11-21,75.69,3035500,4399500,1.449
2023-11-22,74.84,3347500,5845000,1.746
2023-11-23,74.5,3035500,4962000,1.635
2023-11-24,75.9,2147000,3611000,1.682
2023-11-27,74.57,3035500,4899000,1.614
2023-11-28,71.71,3035500,4379500,1.443
2023-11-30,70.79,3035500,4620500,1.522
2023-12-01,71.45,2147000,4039500,1.881
2023-12-04,71.34,3035500,5511000,1.816
2023-12-05,69.94,3035500,4650500,1.532
2023-12-06,68.71,3350000,5366000,1.602
2023-12-07,68.76,3035500,5133500,1.691
2023-12-08,69.84,2147000,4242000,1.976
2023-12-11,67.82,3035500,4751000,1.565
2023-12-12,66.72,3035500,4206000,1.386
2023-12-14,68.45,3035500,4168500,1.373
2023-12-15,66.6,2151000,3461000,1.609
2023-12-18,66.49,3041500,4527000,1.488
2024-01-15,63.5,3099500,5324000,1.718
2024-01-16,63.2,3099500,5198000,1.677
2024-01-17,62.96,2310000,4431000,1.918
2024-01-18,61.28,3099500,5220000,1.684
2024-01-19,61.93,1796000,3861000,2.15
2024-01-22,59.74,3099500,5031000,1.623
2024-01-23,60.55,3099500,5086500,1.641
2024-01-25,61.95,3099500,4840000,1.562
2024-01-26,61.95,1796000,3725000,2.074
2024-01-29,60.81,3099500,4379500,1.413
2024-01-30,59.82,3099500,4870500,1.571
2024-01-31,62.27,2310000,4295500,1.86
2024-02-01,61.09,3099500,3874000,1.25
2024-02-02,60.92,1796000,3322500,1.85
2024-02-05,60.68,3099500,5122000,1.653
2024-02-06,60.25,3099500,5260500,1.697
2024-02-08,59.85,3099500,4854000,1.566
2024-02-09,57.24,1796000,3213000,1.789
2024-02-12,55.84,3099500,4626000,1.492
2024-02-13,54.24,3099500,5189000,1.674
2024-02-14,54.07,2310000,4822500,2.088
2024-02-15,54.87,3099500,5614500,1.811
2024-02-16,55.12,1796000,3228000,1.797
2024-02-19,53.0,3099500,4520000,1.458
2024-02-20,51.8,3099500,5340000,1.723
2024-02-22,51.55,3099500,5084000,1.64
2024-02-23,49.5,1796000,3110500,1.732
2024-02-26,50.65,3099500,5055500,1.631
2024-02-27,51.12,3099500,4607000,1.486
2024-02-28,54.94,2310000,4768000,2.064
2024-02-29,54.9,3099500,4478500,1.445
2024-03-01,53.6,1796000,3276000,1.824
2024-03-04,51.76,3099500,4100500,1.323
2024-03-05,59.14,3099500,5711500,1.843
2024-03-07,56.94,3099500,4351000,1.404
2024-03-08,57.1,1796000,3222000,1.794
2024-03-11,54.43,3099500,4050500,1.307
2024-03-12,54.21,3099500,5310500,1.713
2024-03-13,54.92,2310000,4569500,1.978
2024-03-14,54.25,3099500,5603500,1.808
2024-03-15,57.75,1796000,4171000,2.322
2024-03-18,59.42,3099500,5318000,1.716
2024-03-19,59.0,3099500,4753500,1.534
2024-03-21,58.0,3104500,4966500,1.6
2024-03-22,57.93,1796000,3352000,1.866
2024-03-25,62.09,3099500,5437000,1.754
2024-03-26,63.25,3099500,4721500,1.523
2024-03-27,60.56,2310000,4096000,1.773
2024-03-28,59.86,3099500,4523500,1.459
2024-04-02,57.07,3099500,3423000,1.104
2024-04-04,56.37,3099500,5677500,1.832
2024-04-05,57.17,1796000,4006500,2.231
2024-04-08,58.41,3099500,5498000,1.774
2024-04-09,61.3,3099500,5323000,1.717
2024-04-10,63.0,2310000,5062500,2.192
2024-04-11,63.42,3099500,5374500,1.734
2024-04-12,68.01,1796000,3447500,1.92
2024-04-15,68.17,3099500,5255000,1.695
2024-04-16,70.61,3099500,4544000,1.466
2024-04-18,67.15,3099500,4598000,1.483
2024-04-19,67.77,1796000,3571500,1.989
2024-04-22,65.1,3099500,4836000,1.56
2024-04-23,64.28,3099500,4861500,1.568
2024-04-24,65.35,2310000,4617500,1.999
2024-04-25,65.08,3099500,5220000,1.684
2024-04-26,65.66,1796000,3451500,1.922
2024-04-29,63.52,3099500,4639000,1.497
2024-04-30,65.26,3099500,4407000,1.422
2024-05-02,68.1,3099500,5138000,1.658
2024-05-03,71.18,1796000,3327500,1.853
2024-05-06,70.3,3099500,5342000,1.724
2024-05-07,69.16,3099500,4434000,1.431
2024-05-08,68.99,2310000,4249500,1.84
2024-05-13,68.48,3099500,5185500,1.673
2024-05-14,67.67,3099500,4657500,1.503
2024-05-16,68.26,3099500,4712000,1.52
2024-05-17,69.46,1796000,3557500,1.981
2024-05-20,71.24,3099500,4233500,1.366
2024-05-21,71.8,3099500,4685000,1.512
2024-05-22,74.31,2310000,3475000,1.504
2024-05-23,74.9,3099500,4069500,1.313
2024-05-24,72.8,1796000,3679000,2.048
2024-05-28,72.9,3099500,4655500,1.502
2024-05-30,72.0,3099500,5186500,1.673
2024-05-31,74.49,1796000,3928000,2.187
2024-06-03,75.35,3099500,5507000,1.777
2024-06-04,71.5,3099500,4713500,1.521
2024-06-05,70.3,2310000,4155000,1.799
2024-06-06,71.0,3099500,4883500,1.576
2024-06-07,69.9,1796000,3459000,1.926
2024-06-10,67.82,3099500,4512000,1.456
2024-06-11,70.31,3099500,4418500,1.426
2024-06-13,69.77,3099500,5531500,1.785
2024-06-14,68.41,1796000,3368500,1.876
2024-06-17,66.66,3099500,4683500,1.511
2024-06-18,66.97,3099500,4675500,1.508
2024-06-19,67.75,2310000,3737500,1.618
2024-06-20,68.61,3104000,4694000,1.512
2024-06-21,67.36,1796000,3275000,1.823
2024-06-24,66.06,3099500,4780500,1.542
2024-06-25,65.94,3099500,4447500,1.435
2024-06-27,66.17,3099500,4743000,1.53
2024-06-28,65.01,1796000,2965500,1.651
2024-07-01,67.83,3099500,4356000,1.405
2024-07-02,66.71,3099500,4228000,1.364
2024-07-03,68.84,2310000,3960000,1.714
2024-07-04,68.71,3099500,3780000,1.22
2024-07-05,68.68,1796000,3208500,1.786
2024-07-08,70.0,3099500,5018500,1.619
2024-07-09,66.87,3099500,3771000,1.217
2024-07-11,66.72,3099500,4448000,1.435
2024-07-12,67.06,1796000,3114500,1.734
2024-07-15,66.63,3099500,4913500,1.585
2024-07-16,66.16,3099500,4801000,1.549
2024-07-17,66.66,2310000,4176000,1.808
2024-07-18,64.96,3099500,4741000,1.53
2024-07-19,64.73,1796000,4024500,2.241
2024-07-22,64.37,3099500,5192500,1.675
2024-07-23,63.67,3099500,4952500,1.598
2024-07-25,66.71,3099500,5209500,1.681
2024-07-26,66.33,1796000,3496500,1.947
2024-07-29,67.17,3099500,5115500,1.65
2024-07-30,66.55,3099500,4781000,1.543
2024-07-31,67.85,2310000,3694000,1.599
2024-08-01,68.07,3099500,5411000,1.746
2024-08-02,69.76,1796000,3530500,1.966
2024-08-05,67.02,3099500,5168500,1.668
2024-08-06,68.65,3099500,5034500,1.624
2024-08-08,68.9,3099500,5258500,1.697
2024-08-09,70.46,1796000,4035500,2.247
2024-08-12,71.15,3099500,4271000,1.378
2024-08-13,70.82,3099500,4640500,1.497
2024-08-14,70.59,2310000,3676500,1.592
2024-08-15,69.85,3099500,5164000,1.666
2024-08-16,71.0,1796000,3471000,1.933
2024-08-19,71.5,3099500,5359500,1.729
2024-08-20,72.4,3099500,5179500,1.671
2024-08-22,71.02,3099500,5258500,1.697
2024-08-23,70.73,1796000,3792500,2.112
2024-08-26,69.28,3099500,4711000,1.52
2024-08-27,70.17,3099500,4999500,1.613
2024-08-28,70.39,2313500,4061500,1.756
2024-08-29,69.5,3125000,5048500,1.616
2024-08-30,70.07,1810000,3239000,1.79
2024-09-02,69.3,3287500,5626000,1.711
2024-09-03,68.56,3287500,4986500,1.517
2024-09-05,65.99,3287500,4710500,1.433
2024-09-06,67.0,1886500,4617500,2.448
2024-09-09,65.75,3287500,5490500,1.67
2024-09-10,65.83,3287500,5296500,1.611
2024-09-11,64.75,2833500,4539000,1.602
2024-09-12,65.1,3287500,5025000,1.529
2024-09-13,64.89,1886500,2798500,1.483
2024-09-16,64.94,3287500,6730500,2.047
2024-09-17,62.71,3287500,5642000,1.716
2024-09-19,63.56,3290500,5386000,1.637
2024-09-20,63.18,1886500,3668000,1.944
2024-09-23,64.0,3287500,5470500,1.664
2024-09-24,63.91,3287500,5323500,1.619
2024-09-25,63.55,2833500,5095500,1.798
2024-09-26,63.88,3287500,4857000,1.477
2024-09-27,65.45,1886500,3557000,1.886
2024-09-30,65.69,3287500,5306500,1.614
2024-10-01,63.19,3287500,4162000,1.266
2024-10-02,62.89,926500,2247000,2.425
2024-10-03,62.02,3287500,4633000,1.409
2024-10-04,61.03,1886500,3497500,1.854
2024-10-07,60.15,3287500,5185500,1.577
2024-10-08,59.85,3287500,5138000,1.563
2024-10-09,61.18,2833500,3927000,1.386
2024-10-10,63.3,3287500,5543500,1.686
2024-10-11,63.71,1886500,3826500,2.028
2024-10-14,65.0,3287500,6131000,1.865
2024-10-15,64.08,3287500,4893000,1.488
2024-10-17,63.1,3287500,5544500,1.687
2024-10-18,61.9,1886500,3810500,2.02
2024-10-21,62.3,3287500,5213000,1.586
2024-10-22,61.22,3287500,5257000,1.599
2024-10-23,63.75,2833500,4961500,1.751
2024-10-24,64.6,3287500,5151500,1.567
2024-10-25,66.32,1886500,3758500,1.992
2024-10-28,64.38,3287500,4689500,1.426
2024-10-29,66.42,3287500,5409000,1.645
2024-10-31,64.78,3287500,4960000,1.509
2024-11-01,64.46,1886500,3765500,1.996
2024-11-04,64.68,3287500,5518500,1.679
2024-11-05,65.06,3287500,4682500,1.424
2024-11-06,62.94,2833500,4476500,1.58
2024-11-07,65.35,3287500,5378000,1.636
2024-11-08,66.2,1886500,4022000,2.132
2024-11-11,67.6,3287500,4630000,1.408
2024-11-12,65.92,3287500,5250000,1.597
2024-11-14,67.15,3287500,5440500,1.655
2024-11-15,66.78,1886500,3121500,1.655
2024-11-18,67.7,3287500,5351500,1.628
2024-11-19,69.05,3287500,4469500,1.36
2024-11-20,68.02,2833500,4916500,1.735
2024-11-21,68.79,3287500,5683000,1.729
2024-11-22,69.71,1886500,4056500,2.15
2024-11-25,69.32,3287500,5168000,1.572
2024-11-26,69.37,3287500,5432500,1.652
2024-11-28,67.91,3287500,5596000,1.702
2024-11-29,67.3,1886500,3376500,1.79
2024-12-02,69.4,3287500,5481000,1.667
2024-12-03,68.12,3287500,5522500,1.68
2024-12-04,67.42,2833500,4253000,1.501
2024-12-05,67.62,3287500,5641000,1.716
2024-12-06,67.25,1886500,3757000,1.992
2024-12-09,67.7,3287500,4598000,1.399
2024-12-10,67.0,3287500,5502500,1.674
2024-12-12,67.95,3287500,5356000,1.629
2024-12-13,66.07,1890500,3437500,1.818
2024-12-16,63.64,3248000,4785500,1.473
2025-01-07,71.02,3245500,4456500,1.373
2025-01-08,71.5,2072500,4697500,2.267
2025-01-09,70.01,3245500,5096500,1.57
2025-01-10,70.63,1607000,3368000,2.096
2025-01-13,74.4,3245500,4852000,1.495
2025-01-14,74.45,3245500,5002500,1.541
2025-01-16,75.7,3245500,5286000,1.629
2025-01-17,77.3,1607000,3182500,1.98
2025-01-20,76.4,3245500,4825500,1.487
2025-01-21,77.3,3245500,4969000,1.531
2025-01-22,76.71,2072500,3697000,1.784
2025-01-23,79.06,3245500,4860500,1.498
2025-01-24,78.43,1607000,3591000,2.235
2025-01-27,77.7,3245500,5402000,1.664
2025-01-28,77.06,3245500,5527000,1.703
2025-01-30,81.57,3245500,5546500,1.709
2025-01-31,81.11,1607000,3595000,2.237
2025-02-03,80.39,3245500,5036500,1.552
2025-02-04,79.06,3245500,5494500,1.693
2025-02-05,77.87,2072500,3879500,1.872
2025-02-06,79.75,3245500,4919500,1.516
2025-02-07,80.71,1607000,3609000,2.246
2025-02-10,81.27,3245500,4917500,1.515
2025-02-11,80.08,3245500,4828000,1.488
2025-02-13,76.77,3245500,4723500,1.455
2025-02-14,75.84,1607000,3689000,2.296
2025-02-17,77.02,3245500,4974000,1.533
2025-02-18,74.53,3245500,4768000,1.469
2025-02-19,72.9,2072500,4127000,1.991
2025-02-20,71.21,3245500,5313000,1.637
2025-02-21,73.01,1607000,3402000,2.117
2025-02-24,70.8,3245500,4785500,1.475
2025-02-25,71.15,3245500,5571500,1.717
2025-02-27,69.96,3245500,6506500,2.005
2025-02-28,70.65,1607000,4172000,2.596
2025-03-03,70.31,3245500,5154500,1.588
2025-03-04,68.1,3245500,5395500,1.662
2025-03-05,67.99,2072500,5123000,2.472
2025-03-06,66.58,3245500,4974000,1.533
2025-03-07,67.77,1607000,3894000,2.423
2025-03-10,68.18,3245500,4662500,1.437
2025-03-11,67.02,3245500,4688000,1.444
2025-03-13,68.2,3245500,5881500,1.812
2025-03-14,68.65,1607000,3523500,2.193
2025-03-17,68.53,3245500,5154000,1.588
2025-03-18,68.66,3245500,5321500,1.64
2025-03-19,71.35,2072500,4095000,1.976
2025-03-20,71.54,3245500,4369000,1.346
2025-03-21,71.56,1607000,3446000,2.144
2025-03-24,69.85,3245500,5332500,1.643
2025-03-25,69.61,3245500,4853500,1.495
2025-03-27,68.41,3245500,4996000,1.539
2025-03-28,67.36,1607000,3993000,2.485
2025-03-31,66.8,3246500,5321000,1.639
2025-04-01,66.71,3245500,5031000,1.55
2025-04-02,68.62,2072500,4254500,2.053
2025-04-03,65.75,3245500,5902500,1.819
2025-04-04,63.8,1607000,3117500,1.94
2025-04-07,59.76,3245500,5313500,1.637
2025-04-08,60.35,3245500,5272500,1.625
2025-04-10,62.08,3245500,4313500,1.329
2025-04-11,61.01,1607000,3480000,2.166
2025-04-14,64.6,3245500,5148500,1.586
2025-04-15,66.21,3245500,4743000,1.461
2025-04-16,65.98,2072500,3567500,1.721
2025-04-17,65.06,3245500,4881500,1.504
2025-04-22,63.3,3245500,4901000,1.51
2025-04-24,63.93,3245500,5126000,1.579
2025-04-25,65.89,1607000,3866500,2.406
2025-04-28,64.2,3245500,5156500,1.589
2025-04-29,63.55,3245500,4701500,1.449
2025-04-30,65.05,2072500,3129000,1.51
2025-05-05,66.64,3245500,5049000,1.556
2025-05-06,67.88,3245500,5433000,1.674
2025-05-08,70.3,3245500,6226500,1.919
2025-05-09,70.2,1607000,3750500,2.334
2025-05-12,71.01,3245500,5067000,1.561
2025-05-13,71.69,3245500,4547000,1.401
2025-05-14,71.85,2072500,3769500,1.819
2025-05-15,70.11,3245500,5552500,1.711
2025-05-16,72.94,1607000,3074000,1.913
2025-05-19,69.44,3245500,4188000,1.29
2025-05-20,70.69,3245500,4520000,1.393
2025-05-22,71.84,3245500,5589500,1.722
2025-05-23,71.11,1607000,3569500,2.221
2025-05-27,71.51,3245500,4513000,1.391
2025-05-28,70.54,2072500,3870000,1.867
2025-06-02,70.58,3245500,4859500,1.497
2025-06-03,70.61,3245500,4787500,1.475
2025-06-05,72.54,3245500,4752000,1.464
2025-06-06,72.3,1607000,2801500,1.743
2025-06-10,72.16,3245500,5324500,1.641
2025-06-11,73.5,2072500,3233500,1.56
2025-06-12,72.71,3245500,4249000,1.309
2025-06-13,75.36,1607000,2950500,1.836
2025-06-16,74.51,3245500,4373500,1.348
2025-06-17,74.05,3245500,5235500,1.613
2025-06-19,73.48,3245500,4509500,1.389
2025-06-20,71.97,1607000,3810500,2.371
2025-06-23,72.0,3245500,4650500,1.433
2025-06-24,72.91,3245500,4283000,1.32
2025-06-25,71.72,2072500,3569500,1.722
2025-06-26,69.46,3245500,4845500,1.493
2025-06-27,69.4,1607000,2374000,1.477
2025-06-30,68.95,3246500,4986500,1.536
2025-07-01,69.01,3245500,4511500,1.39
2025-07-03,70.52,3245500,5493500,1.693
2025-07-04,70.85,1607000,3507000,2.182
2025-07-07,70.34,3245500,4751000,1.464
2025-07-08,69.96,3245500,4906500,1.512
2025-07-09,69.88,2072500,3359000,1.621
2025-07-10,70.44,3245500,4374500,1.348
2025-07-11,69.3,1607000,3374500,2.1
2025-07-14,70.42,3245500,5449000,1.679
2025-07-15,69.76,3245500,5499000,1.694
2025-07-17,70.05,3245500,4873000,1.501
2025-07-18,69.68,1607000,3850500,2.396
2025-07-21,69.53,3245500,5095000,1.57
2025-07-22,68.73,3245500,4105000,1.265
2025-07-23,69.1,2072500,4378000,2.112
2025-07-24,68.89,3245500,5111500,1.575
2025-07-25,70.22,1607000,3026500,1.883
2025-07-28,70.63,3245500,4664500,1.437
2025-07-29,70.53,3245500,5473000,1.686
2025-07-31,72.0,3245500,4861500,1.498
2025-08-01,71.14,1607000,2813000,1.75
2025-08-04,69.52,3245500,4761500,1.467
2025-08-05,70.07,3245500,5202000,1.603
2025-08-06,70.74,2072500,3621000,1.747
2025-08-07,70.1,3245500,5493500,1.693
2025-08-08,72.14,1607000,2685500,1.671
2025-08-11,72.18,3245500,4734000,1.459
2025-08-12,71.3,3245500,5125000,1.579
2025-08-14,70.54,3245500,4824500,1.487
2025-08-15,70.13,1607000,3512500,2.186
2025-08-18,70.21,3245500,5175000,1.595
2025-08-19,71.37,3245500,5172000,1.594
2025-08-20,70.47,2069000,3428000,1.657
2025-08-21,71.19,3245500,4433000,1.366
2025-08-22,72.05,1607000,2596000,1.615
2025-08-25,71.36,3245500,5042500,1.554
2025-08-26,71.31,3245500,4798500,1.479
2025-08-28,71.18,3244500,4520000,1.393
2025-08-29,71.3,1614500,2932500,1.816
2025-09-01,73.14,3268000,4365500,1.336
2025-09-02,73.5,3268000,4191500,1.283
2025-09-03,73.27,2162500,3118500,1.442
2025-09-04,74.38,3268000,4341500,1.328
2025-09-05,75.44,1691000,2964000,1.753
2025-09-08,75.21,3268000,5514500,1.687
2025-09-09,76.4,3268000,5111000,1.564
2025-09-11,76.07,3268000,4567000,1.397
2025-09-12,75.02,1691000,3524000,2.084
2025-09-15,75.02,3268000,5812000,1.778
2025-09-16,76.17,3268000,5478000,1.676
2025-09-17,77.53,2162500,3324000,1.537
2025-09-18,77.22,3268000,5201500,1.592
2025-09-19,76.57,1691000,2832000,1.675
2025-09-22,76.8,3268000,4859500,1.487
2025-09-23,75.6,3268000,3985500,1.22
2025-09-25,75.56,3268000,3521000,1.077
2025-09-26,75.17,1691000,3513000,2.077
2025-09-29,75.2,3268000,4941000,1.512
2025-09-30,75.95,3268500,4711000,1.441
2025-10-01,74.3,2162500,3092000,1.43
2025-10-02,76.05,3268000,5071000,1.552
2025-10-06,79.19,3268000,5329500,1.631
2025-10-07,78.3,3268000,4618000,1.413
2025-10-08,77.39,796500,1312000,1.647
2025-10-09,77.95,3268000,5237500,1.603
2025-10-10,79.22,1691000,3102000,1.834
2025-10-13,78.66,3268000,4783000,1.464
2025-10-14,76.91,3268000,5096000,1.559
2025-10-15,76.58,2162500,4012500,1.855
2025-10-16,77.82,3268000,5237000,1.603
2025-10-17,77.99,1691000,3345000,1.978
2025-10-20,78.75,3268000,5240000,1.603
2025-10-21,78.94,3268000,5626500,1.722
2025-10-23,78.54,3268000,5336500,1.633
2025-10-24,78.47,1691000,3429000,2.028
2025-10-27,77.56,3268000,4684000,1.433
2025-10-28,77.85,3268000,5305500,1.623
2025-10-29,78.55,2162500,4135500,1.912
2025-10-30,78.71,3268000,5240000,1.603
2025-10-31,78.66,1691000,3390500,2.005
2025-11-03,79.3,3268000,5272000,1.613
2025-11-04,81.26,3268000,5237500,1.603
2025-11-06,80.07,3268000,5005000,1.532
2025-11-07,79.76,1691000,3252000,1.923
2025-11-10,79.97,3268000,5037500,1.541
2025-11-11,79.91,3268000,5425500,1.66
2025-11-12,81.51,2162500,3680000,1.702
2025-11-13,81.31,3268000,4987500,1.526
2025-11-14,80.85,1691000,3672000,2.171
2025-11-17,80.25,3268000,5601000,1.714
2025-11-18,80.41,3268000,5781000,1.769
2025-11-20,81.16,3268000,5488000,1.679
2025-11-21,80.47,1691000,3215500,1.902
2025-11-24,80.0,3268000,4831000,1.478
2025-11-25,81.19,3268000,4897000,1.498
2025-11-26,81.51,2162500,3608500,1.669
2025-11-27,81.07,3268000,5308500,1.624
2025-11-28,82.6,1691000,3176500,1.878
2025-12-01,83.01,3268000,4606000,1.409
2025-12-02,82.19,3268000,4548000,1.392
2025-12-04,81.39,3268000,5274500,1.614
2025-12-05,82.25,1691000,3494500,2.067
2025-12-08,82.17,3268000,5324000,1.629
2025-12-09,82.22,3268000,5374500,1.645
2025-12-10,82.18,2166000,3405500,1.572
2025-12-11,83.77,3268000,5580000,1.707
2025-12-12,83.65,1696000,3492000,2.059
2025-12-15,84.6,3273000,5084000,1.553
